permission,module,action,scope,source,inferred
clients.view,clients,index/show,global,avocatapp/routes/api.php:96-107,yes
clients.create,clients,store,global,avocatapp/routes/api.php:96-107,yes
clients.update,clients,update,global,avocatapp/routes/api.php:96-107,yes
clients.delete,clients,destroy,global,avocatapp/routes/api.php:96-107,yes
unclients.view,unclients,index/show,global,avocatapp/routes/api.php:96-107,yes
unclients.create,unclients,store,global,avocatapp/routes/api.php:96-107,yes
unclients.update,unclients,update,global,avocatapp/routes/api.php:96-107,yes
unclients.delete,unclients,destroy,global,avocatapp/routes/api.php:96-107,yes
lawyers.view,lawyers,index/show,global,avocatapp/routes/api.php:96-124,yes
lawyers.create,lawyers,store,global,avocatapp/routes/api.php:96-107,yes
lawyers.update,lawyers,update,global,avocatapp/routes/api.php:96-124,yes
lawyers.delete,lawyers,destroy,global,avocatapp/routes/api.php:96-124,yes
courts.view,courts,index/show,global,avocatapp/routes/api.php:96-107,yes
courts.create,courts,store,global,avocatapp/routes/api.php:96-107,yes
courts.update,courts,update,global,avocatapp/routes/api.php:96-107,yes
courts.delete,courts,destroy,global,avocatapp/routes/api.php:96-107,yes
court_types.view,court_types,index/show,global,avocatapp/routes/api.php:96-104,yes
court_types.create,court_types,store,global,avocatapp/routes/api.php:96-104,yes
court_types.update,court_types,update,global,avocatapp/routes/api.php:96-104,yes
court_types.delete,court_types,destroy,global,avocatapp/routes/api.php:96-104,yes
court_levels.view,court_levels,index/show,global,avocatapp/routes/api.php:99-104,yes
court_levels.create,court_levels,store,global,avocatapp/routes/api.php:99-104,yes
court_levels.update,court_levels,update,global,avocatapp/routes/api.php:99-104,yes
court_levels.delete,court_levels,destroy,global,avocatapp/routes/api.php:99-104,yes
legal_cases.view,legal_cases,index/show,global,avocatapp/routes/api.php:100-105,yes
legal_cases.create,legal_cases,store,global,avocatapp/routes/api.php:100-105,yes
legal_cases.update,legal_cases,update,global,avocatapp/routes/api.php:100-105,yes
legal_cases.delete,legal_cases,destroy,global,avocatapp/routes/api.php:100-105,yes
case_types.view,case_types,index/show,global,avocatapp/routes/api.php:101-106,yes
case_types.create,case_types,store,global,avocatapp/routes/api.php:101-106,yes
case_types.update,case_types,update,global,avocatapp/routes/api.php:101-106,yes
case_types.delete,case_types,destroy,global,avocatapp/routes/api.php:101-106,yes
case_sub_types.view,case_sub_types,index/show,global,avocatapp/routes/api.php:101-106,yes
case_sub_types.create,case_sub_types,store,global,avocatapp/routes/api.php:101-106,yes
case_sub_types.update,case_sub_types,update,global,avocatapp/routes/api.php:101-106,yes
case_sub_types.delete,case_sub_types,destroy,global,avocatapp/routes/api.php:101-106,yes
procedure_types.view,procedure_types,index/show,global,avocatapp/routes/api.php:102-106,yes
procedure_types.create,procedure_types,store,global,avocatapp/routes/api.php:102-106,yes
procedure_types.update,procedure_types,update,global,avocatapp/routes/api.php:102-106,yes
procedure_types.delete,procedure_types,destroy,global,avocatapp/routes/api.php:102-106,yes
procedure_place_types.view,procedure_place_types,index/show,global,avocatapp/routes/api.php:102-106,yes
procedure_place_types.create,procedure_place_types,store,global,avocatapp/routes/api.php:102-106,yes
procedure_place_types.update,procedure_place_types,update,global,avocatapp/routes/api.php:102-106,yes
procedure_place_types.delete,procedure_place_types,destroy,global,avocatapp/routes/api.php:102-106,yes
expense_categories.view,expense_categories,index/show,global,avocatapp/routes/api.php:103-107,yes
expense_categories.create,expense_categories,store,global,avocatapp/routes/api.php:103-107,yes
expense_categories.update,expense_categories,update,global,avocatapp/routes/api.php:103-107,yes
expense_categories.delete,expense_categories,destroy,global,avocatapp/routes/api.php:103-107,yes
procedures.view,procedures,index/show,global,avocatapp/routes/api.php:103-108,yes
procedures.create,procedures,store,global,avocatapp/routes/api.php:103-108,yes
procedures.update,procedures,update,global,avocatapp/routes/api.php:103-108,yes
procedures.delete,procedures,destroy,global,avocatapp/routes/api.php:103-108,yes
services.view,services,index/show,global,avocatapp/routes/api.php:104-176,yes
services.create,services,store,global,avocatapp/routes/api.php:104-176,yes
services.update,services,update,global,avocatapp/routes/api.php:104-176,yes
services.delete,services,destroy,global,avocatapp/routes/api.php:104-176,yes
legal_documents.view_types,legal_documents,view,global,avocatapp/routes/api.php:84-95,yes
legal_documents.manage_types,legal_documents,create/update/delete,global,avocatapp/routes/api.php:84-95,yes
legal_documents.manage_subtypes,legal_documents,create/update,global,avocatapp/routes/api.php:86-90,yes
legal_documents.upload,legal_documents,upload,global,avocatapp/routes/api.php:94-96,yes
legal_ads.view,legal_ads,index/show,global,avocatapp/routes/api.php:139-149,yes
legal_ads.create,legal_ads,store,global,avocatapp/routes/api.php:143-147,yes
legal_ads.update,legal_ads,update,global,avocatapp/routes/api.php:145-148,yes
legal_ads.delete,legal_ads,destroy,global,avocatapp/routes/api.php:147-148,yes
legal_ad_types.view,legal_ad_types,index,global,avocatapp/routes/api.php:140-144,yes
legal_ad_types.create,legal_ad_types,store,global,avocatapp/routes/api.php:140-144,yes
legal_sessions.view,legal_sessions,index/show,global,avocatapp/routes/api.php:152-163,yes
legal_sessions.create,legal_sessions,store,global,avocatapp/routes/api.php:159-162,yes
legal_sessions.update,legal_sessions,update,global,avocatapp/routes/api.php:160-162,yes
legal_sessions.delete,legal_sessions,destroy,global,avocatapp/routes/api.php:161-162,yes
legal_session_types.view,legal_session_types,index,global,avocatapp/routes/api.php:153-156,yes
case_status.view,case_status,fetch/index,global,avocatapp/routes/api.php:154-167,yes
court_search.view,court_search,search,global,avocatapp/routes/api.php:50-189,yes
procedure_search.view,procedure_search,search,global,avocatapp/routes/api.php:190-191,yes
legal_cases.manage_clients,legal_cases,attach/detach,global,avocatapp/routes/api.php:129-135,yes
legal_cases.manage_courts,legal_cases,attach/detach,global,avocatapp/routes/api.php:135-137,yes
service_procedures.view,service_procedures,index,global,avocatapp/routes/api.php:177-181,yes
service_procedures.create,service_procedures,store,global,avocatapp/routes/api.php:177-181,yes
service_procedures.update,service_procedures,update,global,avocatapp/routes/api.php:178-181,yes
service_procedures.delete,service_procedures,destroy,global,avocatapp/routes/api.php:179-181,yes
notifications.view,notifications,index,global,avocatapp/routes/api.php:199-200,yes
notifications.mark_read,notifications,update,global,avocatapp/routes/api.php:199-201,yes
notifications.create,notifications,store,global,avocatapp/routes/api.php:201-203,yes
events.view,events,index,global,avocatapp/routes/api.php:202-204,yes
events.create,events,store,global,avocatapp/routes/api.php:201-203,yes
users.update_profile,users,update,self?,avocatapp/routes/api.php:60-74;avocatapp/app/Http/Controllers/UserController.php:12-60,yes
users.view_profile,users,view,self?,avocatapp/routes/api.php:66-74;avocatapp/app/Http/Controllers/UserController.php:62-74,yes
auth.register,auth,register,public,avocatapp/routes/api.php:96-99,yes
auth.login,auth,login,public,avocatapp/routes/api.php:96-99,yes
auth.logout,auth,logout,auth,avocatapp/routes/api.php:70-74,yes
auth.password_forgot,auth,forgot,public,avocatapp/routes/api.php:98-99,yes
auth.password_reset,auth,reset,public,avocatapp/routes/api.php:98-99,yes
