File Path,Type,Responsibility,Imported by,Imports,Reachable from entry/router,Status
package.json,config,root-config,,,No,Unused candidate
src/app/App.tsx,ui/logic,app,src/main.tsx,src/app/routes/AuthRoutes.jsx; src/features/auth/pages/Login.jsx; src/features/auth/pages/Signup.jsx; src/features/dashboard/pages/DashboardPage.jsx; src/features/home/pages/HomePage.jsx; src/features/home/pages/PublicContentPage.jsx; src/shared/contexts/AuthContext.jsx; src/shared/contexts/LanguageContext.jsx; src/shared/contexts/SidebarContext.jsx; src/shared/contexts/SpinnerContext.jsx; src/shared/contexts/ThemeContext.jsx,Yes,Active
src/app/reducers/clientsReducer.jsx,ui/logic,app,,src/shared/services/api/clients.js,No,Unused candidate
src/app/routes/AuthRoutes.jsx,ui/logic,app,src/app/App.tsx,src/features/admin/pages/AdminAccessManagementPage.jsx; src/features/admin/pages/QaRbacPage.jsx; src/features/clients/pages/ClientUnClientList.jsx; src/features/courts/components/Courts/case_index.component.jsx; src/features/courts/pages/SearchCourtsApi.jsx; src/features/dashboard/components/dashboard/Dashboard.jsx; src/features/documents/pages/DocumentsHubPage.jsx; src/features/finance/pages/CaseFinanceSummaryPage.jsx; src/features/finance/pages/CreateTransactionPage.jsx; src/features/finance/pages/FinanceLedgerPage.jsx; src/features/icons-gallery/pages/IconsGalleryPage.tsx; src/features/lawyers/pages/LawyerList.jsx; src/features/legal-cases/components/LegalCases/LegalCaseDetails.jsx; src/features/legal-cases/pages/LegalCaseList.jsx; src/features/legal-services/pages/LegalServicList.jsx; src/features/power-of-attorneys/pages/PowerOfAttorneyPage.jsx; src/features/reports/components/Reports/SearchCourt.jsx; src/features/reports/pages/CasesReport.jsx; src/features/reports/pages/ClientsReport.jsx; src/features/reports/pages/ProceduresReport.jsx; src/features/reports/pages/ReportsIndex.jsx; src/features/reports/pages/ReportsOverview.jsx; src/features/reports/pages/ServicesReport.jsx; src/features/reports/pages/SessionsReport.jsx; src/features/settings/components/Settings/ProfileUser.jsx; src/features/settings/pages/ManagmentSettings.jsx; src/features/ui-qa/pages/UiQaPage.jsx; src/shared/components/common/Spinners/GlobalSpinner.jsx; src/shared/contexts/SpinnerContext.jsx; src/shared/security/PermissionGuard.tsx; src/shared/security/permission-map.ts,Yes,Active
src/app/store/clientsSlice.js,ui/logic,app,src/app/store/store.js; src/features/clients/components/ClientsAndUnClients/clients/index.jsx; src/features/dashboard/components/dashboard/Dashboard.jsx,src/shared/services/api/clients.js,Yes,Active
src/app/store/store.js,ui/logic,app,src/main.tsx,src/app/store/clientsSlice.js,Yes,Active
src/assets/fonts/helvetiker_regular.typeface.json,ui/logic,assets,,,No,Unused candidate
src/assets/icons/index.js,ui/logic,assets,src/features/courts/components/Courts/case_index.component.jsx; src/features/courts/components/Courts/court_index.component.jsx; src/features/lawyers/components/Lawyers/lawyerAddEdit.jsx; src/features/lawyers/pages/LawyerList.jsx; src/features/legal-cases/pages/LegalCaseList.jsx; src/features/legal-services/pages/LegalServicList.jsx; src/features/procedures/components/Procedures/ProcedurePlaceTypes.jsx; src/features/procedures/components/Procedures/ProcedureTypes.jsx; src/features/procedures/pages/ProceduresList.jsx; src/features/settings/components/Settings/LegcaseTypes.jsx,,Yes,Refactor needed
src/assets/images/index.js,ui/logic,assets,src/features/dashboard/components/dashboard/Sidebar.jsx; src/features/home/components/HomeFooter.tsx; src/features/home/components/HomeHeader.tsx; src/shared/components/common/GlobalLogo.jsx; src/shared/components/common/Spinners/AuthSpinner.jsx,,Yes,Refactor needed
src/assets/styles/additional-styles/flatpickr.css,style,assets,,,No,Unused candidate
src/assets/styles/additional-styles/utility-patterns.css,style,assets,,,No,Unused candidate
src/assets/styles/style.css,style,assets,,,No,Unused candidate
src/assets/utils/Tools.jsx,ui/logic,assets,,,No,Unused candidate
src/config/config.jsx,config,config,src/shared/api/axiosConfig.ts; src/shared/services/api/axiosConfig.js,,Yes,Active
src/config/iconography.ts,config,config,src/shared/components/common/LegalIcon.tsx,src/shared/icons/legal/LegalIcons.tsx,No,Suspicious
src/config/sidebar.js,config,config,src/shared/layout/HeaderTabs.jsx; src/shared/layout/MobileDrawer.jsx,src/shared/security/permission-map.ts,Yes,Active
src/config/theme-tokens.ts,config,config,,,No,Unused candidate
src/features/admin/components/RolePermissionsModal.jsx,ui/logic,features,src/features/admin/pages/AdminAccessManagementPage.jsx,src/features/admin/constants/permissionsCatalog.js; src/shared/components/common/GlobalModal.jsx; src/shared/contexts/LanguageContext.jsx; src/shared/icons/lexicraft/index.tsx,Yes,Active
src/features/admin/constants/permissionsCatalog.js,ui/logic,features,src/features/admin/components/RolePermissionsModal.jsx,,Yes,Active
src/features/admin/pages/AdminAccessManagementPage.jsx,ui/logic,features,src/app/routes/AuthRoutes.jsx,src/features/admin/components/RolePermissionsModal.jsx; src/shared/api/rbac/client.ts; src/shared/components/common/GlobalConfirmDeleteModal.jsx; src/shared/components/common/GlobalModal.jsx; src/shared/components/common/TableComponent.jsx; src/shared/contexts/LanguageContext.jsx; src/shared/icons/lexicraft/index.tsx; src/shared/security/ForbiddenState.jsx; src/shared/security/SecurityContext.tsx; src/shared/security/permissions.ts,Yes,Active
src/features/admin/pages/QaRbacPage.jsx,ui/logic,features,src/app/routes/AuthRoutes.jsx,src/shared/api/rbac/client.ts; src/shared/contexts/LanguageContext.jsx; src/shared/security/SecurityContext.tsx; src/shared/security/permission-map.ts; src/shared/security/permissions.ts,Yes,Active
src/features/auth/components/AuthUser.jsx,ui/logic,features,src/features/auth/components/Login.jsx; src/features/auth/components/Register.jsx; src/features/auth/pages/Signup.jsx; src/features/legal-cases/components/LegalCases/AddEditLegCase.jsx; src/features/legal-cases/components/LegalCases/LegalCaseTools/Modals/LegalAdModal.jsx; src/features/legal-cases/components/LegalCases/LegalCaseTools/Modals/ProcedureModal.jsx; src/features/legal-cases/components/LegalCases/LegalCaseTools/Modals/SessionModal.jsx; src/features/legal-services/components/LegalServices/AddEditServiceModal.jsx; src/features/legal-services/components/LegalServices/Procedures/AddEditServiceProcedureModal.jsx; src/features/legal-services/components/LegalServices/ServiceDetailsModal.jsx; src/features/power-of-attorneys/pages/PowerOfAttorneyPage.jsx; src/shared/components/common/DropdownProfile.jsx; src/shared/services/api/courts.js,src/shared/contexts/AuthContext.jsx,Yes,Active
src/features/auth/components/Login.jsx,ui/logic,features,,src/features/auth/components/AuthUser.jsx,No,Duplicate
src/features/auth/components/Register.jsx,ui/logic,features,,src/features/auth/components/AuthUser.jsx,No,Unused candidate
src/features/auth/pages/Login.jsx,ui/logic,features,src/app/App.tsx,src/shared/contexts/AuthContext.jsx; src/shared/contexts/LanguageContext.jsx; src/shared/hooks/use-toast.js; src/shared/layout/AuthLayout.jsx; src/shared/lib/utils.js; src/shared/ui/ThemeToggle.jsx; src/shared/ui/button.jsx; src/shared/ui/checkbox.jsx; src/shared/ui/input.jsx; src/shared/ui/label.jsx; src/shared/ui/language-toggle.jsx,Yes,Refactor needed
src/features/auth/pages/Signup.jsx,ui/logic,features,src/app/App.tsx,src/features/auth/components/AuthUser.jsx; src/shared/contexts/AlertContext.jsx; src/shared/contexts/LanguageContext.jsx; src/shared/layout/AuthLayout.jsx; src/shared/lib/utils.js; src/shared/ui/ThemeToggle.jsx; src/shared/ui/button.jsx; src/shared/ui/checkbox.jsx; src/shared/ui/input.jsx; src/shared/ui/label.jsx; src/shared/ui/language-toggle.jsx,Yes,Active
src/features/clients/components/ClientsAndUnClients/clients/AddEditClient.jsx,ui/logic,features,src/features/clients/components/ClientsAndUnClients/clients/index.jsx; src/features/ui-qa/pages/UiQaPage.jsx,src/shared/components/common/GlobalModal.jsx; src/shared/contexts/AlertContext.jsx; src/shared/icons/lexicraft/index.tsx; src/shared/services/api/axiosConfig.js,Yes,Active
src/features/clients/components/ClientsAndUnClients/clients/index.jsx,ui/logic,features,src/features/clients/pages/ClientUnClientList.jsx,src/app/store/clientsSlice.js; src/features/clients/components/ClientsAndUnClients/clients/AddEditClient.jsx; src/shared/components/common/TableComponent.jsx; src/shared/contexts/AlertContext.jsx; src/shared/security/ForbiddenState.jsx; src/shared/security/SecurityContext.tsx; src/shared/security/abac.ts; src/shared/security/permissions.ts; src/shared/services/api/axiosConfig.js,Yes,Refactor needed
src/features/clients/components/ClientsAndUnClients/unclients/AddEditUnclient.jsx,ui/logic,features,src/features/clients/components/ClientsAndUnClients/unclients/index.jsx,src/shared/components/common/GlobalModal.jsx; src/shared/contexts/AlertContext.jsx; src/shared/icons/lexicraft/index.tsx; src/shared/services/api/axiosConfig.js,Yes,Active
src/features/clients/components/ClientsAndUnClients/unclients/index.jsx,ui/logic,features,src/features/clients/pages/ClientUnClientList.jsx,src/features/clients/components/ClientsAndUnClients/unclients/AddEditUnclient.jsx; src/shared/components/common/GlobalConfirmDeleteModal.jsx; src/shared/components/common/TableComponent.jsx; src/shared/services/api/axiosConfig.js,Yes,Refactor needed
src/features/clients/pages/ClientUnClientList.jsx,ui/logic,features,src/app/routes/AuthRoutes.jsx,src/features/clients/components/ClientsAndUnClients/clients/index.jsx; src/features/clients/components/ClientsAndUnClients/unclients/index.jsx; src/shared/components/common/SectionHeader.jsx; src/shared/components/common/Spinners/GlobalSpinner.jsx; src/shared/contexts/LanguageContext.jsx; src/shared/icons/lexicraft/index.tsx,Yes,Active
src/features/courts/components/Courts/case_index.component.jsx,ui/logic,features,src/app/routes/AuthRoutes.jsx,src/assets/icons/index.js; src/shared/services/api/axiosConfig.js,Yes,Active
src/features/courts/components/Courts/courtTools/Court.jsx,ui/logic,features,src/features/courts/components/Courts/court_index.component.jsx,src/shared/services/api/axiosConfig.js,No,Suspicious
src/features/courts/components/Courts/courtTools/CourtLevel.jsx,ui/logic,features,src/features/courts/components/Courts/court_index.component.jsx,src/shared/services/api/axiosConfig.js,No,Suspicious
src/features/courts/components/Courts/courtTools/CourtSubType.jsx,ui/logic,features,,src/shared/services/api/axiosConfig.js,No,Unused candidate
src/features/courts/components/Courts/courtTools/CourtType.jsx,ui/logic,features,src/features/courts/components/Courts/court_index.component.jsx,src/shared/services/api/axiosConfig.js,No,Suspicious
src/features/courts/components/Courts/court_index.component.jsx,ui/logic,features,,src/assets/icons/index.js; src/features/courts/components/Courts/courtTools/Court.jsx; src/features/courts/components/Courts/courtTools/CourtLevel.jsx; src/features/courts/components/Courts/courtTools/CourtType.jsx,No,Unused candidate
src/features/courts/pages/SearchCourtsApi.jsx,ui/logic,features,src/app/routes/AuthRoutes.jsx,src/shared/layout/SearchResults.jsx; src/shared/security/ForbiddenState.jsx; src/shared/security/SecurityContext.tsx; src/shared/security/permissions.ts; src/shared/services/api/axiosConfig.js,Yes,Active
src/features/dashboard/components/dashboard/Dashboard.jsx,ui/logic,features,src/app/routes/AuthRoutes.jsx,src/app/store/clientsSlice.js; src/features/dashboard/components/dashboard/DashboardSearch.jsx; src/shared/services/api/axiosConfig.js,Yes,Active
src/features/dashboard/components/dashboard/DashboardSearch.jsx,ui/logic,features,src/features/dashboard/components/dashboard/Dashboard.jsx,src/features/dashboard/components/dashboard/SearchModals/LegCasesModal.jsx; src/features/dashboard/components/dashboard/SearchModals/ServicesModal.jsx; src/shared/components/common/Spinners/AuthSpinner.jsx,Yes,Active
src/features/dashboard/components/dashboard/Header.jsx,ui/logic,features,,src/shared/components/common/DropdownNotifications.jsx; src/shared/components/common/DropdownProfile.jsx; src/shared/components/common/HeaderToggle.jsx; src/shared/contexts/SidebarContext.jsx; src/shared/ui/ThemeToggle.jsx,No,Duplicate
src/features/dashboard/components/dashboard/SearchModals/LegCasesLegalAds.jsx,ui/logic,features,,,No,Unused candidate
src/features/dashboard/components/dashboard/SearchModals/LegCasesModal.jsx,ui/logic,features,src/features/dashboard/components/dashboard/DashboardSearch.jsx,src/features/legal-cases/components/LegalCases/LegalCaseTools/LegalCaseAds.jsx; src/features/legal-cases/components/LegalCases/LegalCaseTools/LegalCaseProcedures.jsx; src/features/legal-cases/components/LegalCases/LegalCaseTools/LegalCaseSessions.jsx,Yes,Active
src/features/dashboard/components/dashboard/SearchModals/LegCasesProcedures.jsx,ui/logic,features,,,No,Unused candidate
src/features/dashboard/components/dashboard/SearchModals/LegCasesSessions.jsx,ui/logic,features,,,No,Unused candidate
src/features/dashboard/components/dashboard/SearchModals/ServicesModal.jsx,ui/logic,features,src/features/dashboard/components/dashboard/DashboardSearch.jsx,src/features/legal-services/components/LegalServices/Procedures/index.jsx,Yes,Active
src/features/dashboard/components/dashboard/Sidebar.jsx,ui/logic,features,,src/assets/images/index.js; src/shared/contexts/SidebarContext.jsx,No,Unused candidate
src/features/dashboard/components/dashboard/charts/BarChart01.jsx,ui/logic,features,,src/features/dashboard/components/dashboard/charts/ChartjsConfig.jsx; src/shared/contexts/ThemeContext.jsx; src/shared/utils/Utils.js,No,Unused candidate
src/features/dashboard/components/dashboard/charts/BarChart02.jsx,ui/logic,features,src/features/dashboard/components/dashboard/dashboard/DashboardCard09.jsx,src/shared/contexts/ThemeContext.jsx; src/shared/utils/themeColors.ts,No,Suspicious
src/features/dashboard/components/dashboard/charts/BarChart03.jsx,ui/logic,features,src/features/dashboard/components/dashboard/dashboard/DashboardCard11.jsx,src/features/dashboard/components/dashboard/charts/ChartjsConfig.jsx; src/shared/contexts/ThemeContext.jsx; src/shared/utils/Utils.js,No,Suspicious
src/features/dashboard/components/dashboard/charts/ChartjsConfig.jsx,ui/logic,features,src/features/dashboard/components/dashboard/charts/BarChart01.jsx; src/features/dashboard/components/dashboard/charts/BarChart03.jsx; src/features/dashboard/components/dashboard/charts/DoughnutChart.jsx; src/features/dashboard/components/dashboard/charts/LineChart01.jsx; src/features/dashboard/components/dashboard/charts/LineChart02.jsx; src/features/dashboard/components/dashboard/dashboard/DashboardCard08.jsx,src/shared/utils/Utils.js; src/shared/utils/themeColors.ts,No,Suspicious
src/features/dashboard/components/dashboard/charts/DoughnutChart.jsx,ui/logic,features,,src/features/dashboard/components/dashboard/charts/ChartjsConfig.jsx; src/shared/contexts/ThemeContext.jsx; src/shared/utils/Utils.js; src/shared/utils/themeColors.ts,No,Unused candidate
src/features/dashboard/components/dashboard/charts/LineChart01.jsx,ui/logic,features,,src/features/dashboard/components/dashboard/charts/ChartjsConfig.jsx; src/shared/contexts/ThemeContext.jsx; src/shared/utils/Utils.js,No,Unused candidate
src/features/dashboard/components/dashboard/charts/LineChart02.jsx,ui/logic,features,src/features/dashboard/components/dashboard/dashboard/DashboardCard08.jsx,src/features/dashboard/components/dashboard/charts/ChartjsConfig.jsx; src/shared/contexts/ThemeContext.jsx; src/shared/utils/Utils.js,No,Suspicious
src/features/dashboard/components/dashboard/charts/RealtimeChart.jsx,ui/logic,features,,,No,Unused candidate
src/features/dashboard/components/dashboard/dashboard/DashboardCard01.jsx,ui/logic,features,,src/shared/utils/themeColors.ts,No,Unused candidate
src/features/dashboard/components/dashboard/dashboard/DashboardCard02.jsx,ui/logic,features,,src/shared/utils/themeColors.ts,No,Unused candidate
src/features/dashboard/components/dashboard/dashboard/DashboardCard03.jsx,ui/logic,features,,src/shared/utils/themeColors.ts,No,Unused candidate
src/features/dashboard/components/dashboard/dashboard/DashboardCard04.jsx,ui/logic,features,,src/shared/utils/themeColors.ts,No,Unused candidate
src/features/dashboard/components/dashboard/dashboard/DashboardCard05.jsx,ui/logic,features,,src/shared/utils/themeColors.ts,No,Unused candidate
src/features/dashboard/components/dashboard/dashboard/DashboardCard06.jsx,ui/logic,features,,src/shared/utils/themeColors.ts,No,Unused candidate
src/features/dashboard/components/dashboard/dashboard/DashboardCard07.jsx,ui/logic,features,,src/shared/contexts/ThemeContext.jsx; src/shared/utils/themeColors.ts,No,Unused candidate
src/features/dashboard/components/dashboard/dashboard/DashboardCard08.jsx,ui/logic,features,,src/features/dashboard/components/dashboard/charts/ChartjsConfig.jsx; src/features/dashboard/components/dashboard/charts/LineChart02.jsx; src/shared/utils/Utils.js,No,Unused candidate
src/features/dashboard/components/dashboard/dashboard/DashboardCard09.jsx,ui/logic,features,,src/features/dashboard/components/dashboard/charts/BarChart02.jsx; src/shared/components/common/Tooltip.jsx; src/shared/utils/Utils.js,No,Unused candidate
src/features/dashboard/components/dashboard/dashboard/DashboardCard10.jsx,ui/logic,features,,,No,Unused candidate
src/features/dashboard/components/dashboard/dashboard/DashboardCard11.jsx,ui/logic,features,,src/features/dashboard/components/dashboard/charts/BarChart03.jsx; src/shared/utils/themeColors.ts,No,Unused candidate
src/features/dashboard/components/dashboard/dashboard/DashboardCard13.jsx,ui/logic,features,,,No,Unused candidate
src/features/dashboard/components/dashboard/dashboard/DashboardCard14.jsx,ui/logic,features,,,No,Unused candidate
src/features/dashboard/components/dashboard/dashboard/DashboardMultCards.jsx,ui/logic,features,,src/shared/lib/utils.js,No,Unused candidate
src/features/dashboard/pages/DashboardPage.jsx,ui/logic,features,src/app/App.tsx,src/shared/layout/AppShell.jsx,Yes,Active
src/features/documents/pages/DocumentsHubPage.jsx,ui/logic,features,src/app/routes/AuthRoutes.jsx,src/shared/components/common/SectionHeader.jsx; src/shared/contexts/LanguageContext.jsx; src/shared/lib/utils.js,Yes,Active
src/features/finance/components/Financially/ClientAccount/index.jsx,ui/logic,features,src/features/finance/components/Financially/index.jsx,src/shared/contexts/LanguageContext.jsx,No,Suspicious
src/features/finance/components/Financially/Expence/index.jsx,ui/logic,features,src/features/finance/components/Financially/index.jsx,src/shared/services/api/axiosConfig.js,No,Suspicious
src/features/finance/components/Financially/index.jsx,ui/logic,features,,src/features/finance/components/Financially/ClientAccount/index.jsx; src/features/finance/components/Financially/Expence/index.jsx,No,Duplicate
src/features/finance/pages/CaseFinanceSummaryPage.jsx,ui/logic,features,src/app/routes/AuthRoutes.jsx,src/shared/components/Finance/FinanceSummaryCards.jsx; src/shared/components/Finance/LedgerTable.jsx; src/shared/components/common/SectionHeader.jsx; src/shared/contexts/AlertContext.jsx; src/shared/contexts/LanguageContext.jsx; src/shared/services/api/finance.js; src/shared/ui/button.jsx; src/shared/ui/input.jsx,Yes,Active
src/features/finance/pages/CreateTransactionPage.jsx,ui/logic,features,src/app/routes/AuthRoutes.jsx,src/shared/components/Finance/TransactionForm.jsx; src/shared/components/common/SectionHeader.jsx; src/shared/contexts/LanguageContext.jsx,Yes,Active
src/features/finance/pages/FinanceLedgerPage.jsx,ui/logic,features,src/app/routes/AuthRoutes.jsx,src/shared/components/Finance/FinanceFilters.jsx; src/shared/components/Finance/LedgerTable.jsx; src/shared/components/common/SectionHeader.jsx; src/shared/contexts/AlertContext.jsx; src/shared/contexts/LanguageContext.jsx; src/shared/services/api/finance.js,Yes,Active
src/features/home/components/ArticleCard.tsx,ui/logic,features,src/features/home/pages/HomePage.jsx; src/features/home/pages/PublicContentPage.jsx,src/shared/contexts/LanguageContext.jsx,Yes,Active
src/features/home/components/Breadcrumbs.tsx,ui/logic,features,src/features/home/pages/PublicContentPage.jsx,src/shared/contexts/LanguageContext.jsx,Yes,Active
src/features/home/components/CTABlock.tsx,ui/logic,features,src/features/home/pages/HomePage.jsx; src/features/home/pages/PublicContentPage.jsx,src/shared/contexts/LanguageContext.jsx,Yes,Active
src/features/home/components/HomeFooter.tsx,ui/logic,features,src/features/home/pages/HomePage.jsx; src/features/home/pages/PublicContentPage.jsx,src/assets/images/index.js; src/shared/contexts/LanguageContext.jsx; src/shared/contexts/ThemeContext.jsx,Yes,Active
src/features/home/components/HomeHeader.tsx,ui/logic,features,src/features/home/pages/HomePage.jsx; src/features/home/pages/PublicContentPage.jsx,src/assets/images/index.js; src/features/home/utils/smoothScroll.ts; src/shared/contexts/AuthContext.jsx; src/shared/contexts/LanguageContext.jsx; src/shared/contexts/ThemeContext.jsx,Yes,Active
src/features/home/components/IndustryCard.tsx,ui/logic,features,src/features/home/pages/HomePage.jsx; src/features/home/pages/PublicContentPage.jsx,src/shared/contexts/LanguageContext.jsx,Yes,Active
src/features/home/components/SectionHeading.tsx,ui/logic,features,src/features/home/pages/HomePage.jsx; src/features/home/pages/PublicContentPage.jsx,,Yes,Active
src/features/home/components/ServiceCard.tsx,ui/logic,features,src/features/home/pages/HomePage.jsx; src/features/home/pages/PublicContentPage.jsx,src/shared/contexts/LanguageContext.jsx,Yes,Active
src/features/home/components/StatBlock.tsx,ui/logic,features,,,No,Unused candidate
src/features/home/components/TeamCard.tsx,ui/logic,features,src/features/home/pages/HomePage.jsx; src/features/home/pages/PublicContentPage.jsx,src/shared/contexts/LanguageContext.jsx,Yes,Active
src/features/home/components/seo/SchemaMarkup.tsx,ui/logic,features,src/features/home/pages/HomePage.jsx; src/features/home/pages/PublicContentPage.jsx,,Yes,Active
src/features/home/content/publicPages.ts,ui/logic,features,src/features/home/pages/HomePage.jsx; src/features/home/pages/PublicContentPage.jsx,,Yes,Active
src/features/home/content/siteData.ts,ui/logic,features,src/features/home/pages/HomePage.jsx; src/features/home/pages/PublicContentPage.jsx,,Yes,Active
src/features/home/hooks/usePageMeta.ts,ui/logic,features,src/features/home/pages/HomePage.jsx; src/features/home/pages/PublicContentPage.jsx,,Yes,Active
src/features/home/pages/HomePage.jsx,ui/logic,features,src/app/App.tsx,src/features/home/components/ArticleCard.tsx; src/features/home/components/CTABlock.tsx; src/features/home/components/HomeFooter.tsx; src/features/home/components/HomeHeader.tsx; src/features/home/components/IndustryCard.tsx; src/features/home/components/SectionHeading.tsx; src/features/home/components/ServiceCard.tsx; src/features/home/components/TeamCard.tsx; src/features/home/components/seo/SchemaMarkup.tsx; src/features/home/content/publicPages.ts; src/features/home/content/siteData.ts; src/features/home/hooks/usePageMeta.ts; src/features/home/utils/smoothScroll.ts; src/shared/contexts/LanguageContext.jsx; src/shared/contexts/ThemeContext.jsx; src/shared/ui/accordion.tsx,Yes,Active
src/features/home/pages/PublicContentPage.jsx,ui/logic,features,src/app/App.tsx,src/features/home/components/ArticleCard.tsx; src/features/home/components/Breadcrumbs.tsx; src/features/home/components/CTABlock.tsx; src/features/home/components/HomeFooter.tsx; src/features/home/components/HomeHeader.tsx; src/features/home/components/IndustryCard.tsx; src/features/home/components/SectionHeading.tsx; src/features/home/components/ServiceCard.tsx; src/features/home/components/TeamCard.tsx; src/features/home/components/seo/SchemaMarkup.tsx; src/features/home/content/publicPages.ts; src/features/home/content/siteData.ts; src/features/home/hooks/usePageMeta.ts; src/shared/contexts/LanguageContext.jsx; src/shared/ui/accordion.tsx,Yes,Active
src/features/home/utils/smoothScroll.ts,ui/logic,features,src/features/home/components/HomeHeader.tsx; src/features/home/pages/HomePage.jsx,,Yes,Active
src/features/icons-gallery/components/CollectionTabs.tsx,ui/logic,features,src/features/icons-gallery/pages/IconsGalleryPage.tsx,,Yes,Active
src/features/icons-gallery/components/IconCard.tsx,ui/logic,features,src/features/icons-gallery/pages/IconsGalleryPage.tsx,src/shared/icons/lexicraft/index.tsx; src/shared/icons/lexicraft/manifest.ts,Yes,Active
src/features/icons-gallery/components/IconFilters.tsx,ui/logic,features,src/features/icons-gallery/pages/IconsGalleryPage.tsx,,Yes,Active
src/features/icons-gallery/pages/IconsGalleryPage.tsx,ui/logic,features,src/app/routes/AuthRoutes.jsx,src/features/icons-gallery/components/CollectionTabs.tsx; src/features/icons-gallery/components/IconCard.tsx; src/features/icons-gallery/components/IconFilters.tsx; src/shared/contexts/LanguageContext.jsx; src/shared/contexts/ThemeContext.jsx; src/shared/icons/lexicraft/manifest.ts,Yes,Active
src/features/lawyers/components/Lawyers/lawyerAddEdit.jsx,ui/logic,features,src/features/lawyers/pages/LawyerList.jsx,src/assets/icons/index.js; src/shared/components/common/MainCard.jsx; src/shared/services/api/axiosConfig.js,Yes,Active
src/features/lawyers/pages/LawyerList.jsx,ui/logic,features,src/app/routes/AuthRoutes.jsx,src/assets/icons/index.js; src/features/lawyers/components/Lawyers/lawyerAddEdit.jsx; src/shared/components/common/SectionHeader.jsx; src/shared/components/common/TableComponent.jsx; src/shared/services/api/lawyers.js,Yes,Active
src/features/legal-cases/components/DataTable.jsx,ui/logic,features,,,No,Unused candidate
src/features/legal-cases/components/KPICard.jsx,ui/logic,features,src/features/legal-cases/components/LegalCases/LegalCaseDetails.jsx,,Yes,Active
src/features/legal-cases/components/LegalCases/AddEditLegCase.jsx,ui/logic,features,src/features/legal-cases/components/LegalCases/LegalCaseDetails.jsx; src/features/legal-cases/pages/LegalCaseList.jsx; src/features/ui-qa/pages/UiQaPage.jsx,src/features/auth/components/AuthUser.jsx; src/shared/contexts/LanguageContext.jsx; src/shared/icons/lexicraft/index.tsx; src/shared/services/api/legalCases.js,Yes,Active
src/features/legal-cases/components/LegalCases/LegalCaseDetails.jsx,ui/logic,features,src/app/routes/AuthRoutes.jsx,src/features/legal-cases/components/KPICard.jsx; src/features/legal-cases/components/LegalCases/AddEditLegCase.jsx; src/features/legal-cases/components/LegalCases/LegalCaseTools/LegCaseCourts.jsx; src/features/legal-cases/components/LegalCases/LegalCaseTools/LegalCaseAds.jsx; src/features/legal-cases/components/LegalCases/LegalCaseTools/LegalCaseClients.jsx; src/features/legal-cases/components/LegalCases/LegalCaseTools/LegalCaseOverview.jsx; src/features/legal-cases/components/LegalCases/LegalCaseTools/LegalCaseProcedures.jsx; src/features/legal-cases/components/LegalCases/LegalCaseTools/LegalCaseSessions.jsx; src/features/legal-cases/components/SectionStateMessage.jsx; src/features/legal-cases/components/SkeletonLoaders.tsx; src/features/legal-cases/components/StatusBadge.tsx; src/shared/contexts/LanguageContext.jsx; src/shared/i18n/formatters.ts; src/shared/icons/lexicraft/index.tsx; src/shared/security/SecurityContext.tsx; src/shared/security/permission-map.ts; src/shared/security/permissions.ts; src/shared/services/api/legalCases.js; src/shared/ui/tabs.tsx; src/shared/utils/caseFetchCache.js,Yes,Active
src/features/legal-cases/components/LegalCases/LegalCaseTools/LegCaseCourts.jsx,ui/logic,features,src/features/legal-cases/components/LegalCases/LegalCaseDetails.jsx,src/features/legal-cases/components/LegalCases/LegalCaseTools/Modals/CourtList.jsx; src/features/legal-cases/components/LegalCases/LegalCaseTools/Modals/CourtModal.jsx; src/features/legal-cases/components/LegalCases/LegalCaseTools/SectionHeader.jsx; src/shared/components/common/GlobalConfirmDeleteModal.jsx; src/shared/contexts/AlertContext.jsx; src/shared/contexts/LanguageContext.jsx; src/shared/icons/lexicraft/index.tsx; src/shared/services/api/legalCases.js,Yes,Active
src/features/legal-cases/components/LegalCases/LegalCaseTools/LegalCaseAds.jsx,ui/logic,features,src/features/dashboard/components/dashboard/SearchModals/LegCasesModal.jsx; src/features/legal-cases/components/LegalCases/LegalCaseDetails.jsx,src/features/legal-cases/components/LegalCases/LegalCaseTools/Modals/LegalAdModal.jsx; src/features/legal-cases/components/LegalCases/LegalCaseTools/SectionHeader.jsx; src/shared/components/common/GlobalConfirmDeleteModal.jsx; src/shared/components/common/TableComponent.jsx; src/shared/contexts/AlertContext.jsx; src/shared/contexts/LanguageContext.jsx; src/shared/services/api/legalCases.js,Yes,Active
src/features/legal-cases/components/LegalCases/LegalCaseTools/LegalCaseClients.jsx,ui/logic,features,src/features/legal-cases/components/LegalCases/LegalCaseDetails.jsx,src/features/legal-cases/components/LegalCases/LegalCaseTools/SectionHeader.jsx; src/shared/components/common/GlobalConfirmDeleteModal.jsx; src/shared/components/common/TableComponent.jsx; src/shared/contexts/AlertContext.jsx; src/shared/contexts/LanguageContext.jsx; src/shared/icons/lexicraft/index.tsx; src/shared/services/api/clients.js; src/shared/services/api/legalCases.js,Yes,Active
src/features/legal-cases/components/LegalCases/LegalCaseTools/LegalCaseDataCard.jsx,ui/logic,features,src/features/legal-cases/components/LegalCases/LegalCaseTools/LegalCaseOverview.jsx,,Yes,Active
src/features/legal-cases/components/LegalCases/LegalCaseTools/LegalCaseOverview.jsx,ui/logic,features,src/features/legal-cases/components/LegalCases/LegalCaseDetails.jsx,src/features/legal-cases/components/LegalCases/LegalCaseTools/LegalCaseDataCard.jsx; src/features/legal-cases/components/LegalCases/LegalCaseTools/TableSkeleton.jsx; src/shared/contexts/LanguageContext.jsx,Yes,Active
src/features/legal-cases/components/LegalCases/LegalCaseTools/LegalCaseProcedures.jsx,ui/logic,features,src/features/dashboard/components/dashboard/SearchModals/LegCasesModal.jsx; src/features/legal-cases/components/LegalCases/LegalCaseDetails.jsx,src/features/legal-cases/components/LegalCases/LegalCaseTools/Modals/ProcedureModal.jsx; src/features/legal-cases/components/LegalCases/LegalCaseTools/SectionHeader.jsx; src/shared/components/common/GlobalConfirmDeleteModal.jsx; src/shared/components/common/TableComponent.jsx; src/shared/contexts/AlertContext.jsx; src/shared/contexts/LanguageContext.jsx; src/shared/services/api/procedures.js,Yes,Active
src/features/legal-cases/components/LegalCases/LegalCaseTools/LegalCaseSessions.jsx,ui/logic,features,src/features/dashboard/components/dashboard/SearchModals/LegCasesModal.jsx; src/features/legal-cases/components/LegalCases/LegalCaseDetails.jsx,src/features/legal-cases/components/LegalCases/LegalCaseTools/Modals/SessionDetailsModal.jsx; src/features/legal-cases/components/LegalCases/LegalCaseTools/Modals/SessionModal.jsx; src/features/legal-cases/components/LegalCases/LegalCaseTools/SectionHeader.jsx; src/shared/components/common/GlobalConfirmDeleteModal.jsx; src/shared/components/common/TableComponent.jsx; src/shared/contexts/AlertContext.jsx; src/shared/contexts/LanguageContext.jsx; src/shared/services/api/sessions.js,Yes,Active
src/features/legal-cases/components/LegalCases/LegalCaseTools/Modals/AdsDetailsModal.jsx,ui/logic,features,,src/shared/contexts/LanguageContext.jsx; src/shared/icons/lexicraft/index.tsx,No,Unused candidate
src/features/legal-cases/components/LegalCases/LegalCaseTools/Modals/CourtList.jsx,ui/logic,features,src/features/legal-cases/components/LegalCases/LegalCaseTools/LegCaseCourts.jsx,src/shared/components/common/TableComponent.jsx; src/shared/contexts/LanguageContext.jsx,Yes,Active
src/features/legal-cases/components/LegalCases/LegalCaseTools/Modals/CourtModal.jsx,ui/logic,features,src/features/legal-cases/components/LegalCases/LegalCaseTools/LegCaseCourts.jsx,src/shared/contexts/LanguageContext.jsx; src/shared/icons/lexicraft/index.tsx,Yes,Active
src/features/legal-cases/components/LegalCases/LegalCaseTools/Modals/LegalAdModal.jsx,ui/logic,features,src/features/legal-cases/components/LegalCases/LegalCaseTools/LegalCaseAds.jsx,src/features/auth/components/AuthUser.jsx; src/shared/contexts/AlertContext.jsx; src/shared/contexts/LanguageContext.jsx; src/shared/services/api/legalCases.js,Yes,Active
src/features/legal-cases/components/LegalCases/LegalCaseTools/Modals/ProcedureDetailsModal.jsx,ui/logic,features,,,No,Unused candidate
src/features/legal-cases/components/LegalCases/LegalCaseTools/Modals/ProcedureModal.jsx,ui/logic,features,src/features/legal-cases/components/LegalCases/LegalCaseTools/LegalCaseProcedures.jsx; src/features/ui-qa/pages/UiQaPage.jsx,src/features/auth/components/AuthUser.jsx; src/shared/contexts/AlertContext.jsx; src/shared/contexts/LanguageContext.jsx; src/shared/icons/lexicraft/index.tsx; src/shared/services/api/lawyers.js; src/shared/services/api/procedures.js,Yes,Active
src/features/legal-cases/components/LegalCases/LegalCaseTools/Modals/SessionDetailsModal.jsx,ui/logic,features,src/features/legal-cases/components/LegalCases/LegalCaseTools/LegalCaseSessions.jsx,src/shared/contexts/LanguageContext.jsx,Yes,Active
src/features/legal-cases/components/LegalCases/LegalCaseTools/Modals/SessionModal.jsx,ui/logic,features,src/features/legal-cases/components/LegalCases/LegalCaseTools/LegalCaseSessions.jsx,src/features/auth/components/AuthUser.jsx; src/shared/contexts/AlertContext.jsx; src/shared/contexts/LanguageContext.jsx; src/shared/services/api/lawyers.js; src/shared/services/api/legalCases.js; src/shared/services/api/sessions.js,Yes,Active
src/features/legal-cases/components/LegalCases/LegalCaseTools/SectionHeader.jsx,ui/logic,features,src/features/legal-cases/components/LegalCases/LegalCaseTools/LegCaseCourts.jsx; src/features/legal-cases/components/LegalCases/LegalCaseTools/LegalCaseAds.jsx; src/features/legal-cases/components/LegalCases/LegalCaseTools/LegalCaseClients.jsx; src/features/legal-cases/components/LegalCases/LegalCaseTools/LegalCaseProcedures.jsx; src/features/legal-cases/components/LegalCases/LegalCaseTools/LegalCaseSessions.jsx,src/shared/contexts/LanguageContext.jsx; src/shared/icons/lexicraft/index.tsx,Yes,Refactor needed
src/features/legal-cases/components/LegalCases/LegalCaseTools/TableSkeleton.jsx,ui/logic,features,src/features/legal-cases/components/LegalCases/LegalCaseTools/LegalCaseOverview.jsx,,Yes,Active
src/features/legal-cases/components/SectionStateMessage.jsx,ui/logic,features,src/features/legal-cases/components/LegalCases/LegalCaseDetails.jsx,,Yes,Active
src/features/legal-cases/components/SkeletonLoaders.tsx,ui/logic,features,src/features/legal-cases/components/LegalCases/LegalCaseDetails.jsx,src/shared/ui/skeleton.tsx,Yes,Active
src/features/legal-cases/components/StatusBadge.tsx,ui/logic,features,src/features/legal-cases/components/LegalCases/LegalCaseDetails.jsx,,Yes,Active
src/features/legal-cases/pages/LegalCaseList.jsx,ui/logic,features,src/app/routes/AuthRoutes.jsx,src/assets/icons/index.js; src/features/legal-cases/components/LegalCases/AddEditLegCase.jsx; src/shared/components/common/SectionHeader.jsx; src/shared/components/common/TableComponent.jsx; src/shared/contexts/LanguageContext.jsx; src/shared/security/ForbiddenState.jsx; src/shared/security/PermissionGuard.tsx; src/shared/security/SecurityContext.tsx; src/shared/security/abac.ts; src/shared/security/permission-map.ts; src/shared/security/permissions.ts; src/shared/services/api/axiosConfig.js; src/shared/services/api/legalCases.js,Yes,Active
src/features/legal-services/components/LegalServices/AddEditServiceModal.jsx,ui/logic,features,src/features/legal-services/pages/LegalServicList.jsx,src/features/auth/components/AuthUser.jsx; src/shared/components/common/GlobalModal.jsx; src/shared/contexts/AlertContext.jsx; src/shared/services/api/clients.js; src/shared/services/api/services.js,Yes,Active
src/features/legal-services/components/LegalServices/Procedures/AddEditServiceProcedureModal.jsx,ui/logic,features,src/features/legal-services/components/LegalServices/Procedures/index.jsx,src/features/auth/components/AuthUser.jsx; src/shared/components/common/GlobalModal.jsx; src/shared/contexts/AlertContext.jsx; src/shared/services/api/lawyers.js; src/shared/services/api/procedures.js; src/shared/services/api/services.js,Yes,Active
src/features/legal-services/components/LegalServices/Procedures/index.jsx,ui/logic,features,src/features/dashboard/components/dashboard/SearchModals/ServicesModal.jsx,src/features/legal-services/components/LegalServices/Procedures/AddEditServiceProcedureModal.jsx; src/shared/components/common/GlobalConfirmDeleteModal.jsx; src/shared/contexts/AlertContext.jsx; src/shared/services/api/services.js,Yes,Refactor needed
src/features/legal-services/components/LegalServices/ServiceDetailsModal.jsx,ui/logic,features,,src/features/auth/components/AuthUser.jsx,No,Unused candidate
src/features/legal-services/pages/LegalServicList.jsx,ui/logic,features,src/app/routes/AuthRoutes.jsx,src/assets/icons/index.js; src/features/legal-services/components/LegalServices/AddEditServiceModal.jsx; src/shared/components/common/GlobalConfirmDeleteModal.jsx; src/shared/components/common/SectionHeader.jsx; src/shared/components/common/TableComponent.jsx; src/shared/contexts/AlertContext.jsx; src/shared/services/api/services.js,Yes,Active
src/features/notifications/NotificationCenter.tsx,ui/logic,features,src/shared/hooks/useNotifications.ts,,No,Suspicious
src/features/power-of-attorneys/pages/PowerOfAttorneyPage.jsx,ui/logic,features,src/app/routes/AuthRoutes.jsx,src/features/auth/components/AuthUser.jsx; src/shared/api/axiosConfig.ts; src/shared/contexts/LanguageContext.jsx,Yes,Active
src/features/procedures/components/Procedures/ProcedurePlaceTypes.jsx,ui/logic,features,src/features/procedures/pages/ProceduresList.jsx,src/assets/icons/index.js; src/shared/components/common/SectionHeader.jsx; src/shared/contexts/AlertContext.jsx; src/shared/services/api/procedures.js,No,Suspicious
src/features/procedures/components/Procedures/ProcedureTypes.jsx,ui/logic,features,src/features/procedures/pages/ProceduresList.jsx,src/assets/icons/index.js; src/shared/components/common/SectionHeader.jsx; src/shared/contexts/AlertContext.jsx; src/shared/services/api/procedures.js,No,Suspicious
src/features/procedures/pages/ProceduresList.jsx,ui/logic,features,,src/assets/icons/index.js; src/features/procedures/components/Procedures/ProcedurePlaceTypes.jsx; src/features/procedures/components/Procedures/ProcedureTypes.jsx; src/shared/components/common/SectionHeader.jsx; src/shared/security/ForbiddenState.jsx; src/shared/security/SecurityContext.tsx; src/shared/security/permissions.ts,No,Unused candidate
src/features/reports/components/Filters/ReportFilters.jsx,ui/logic,features,src/features/reports/pages/ReportTabPage.jsx,src/shared/contexts/LanguageContext.jsx,Yes,Active
src/features/reports/components/Reports/ReportPageHeader.jsx,ui/logic,features,src/features/reports/pages/ReportsIndex.jsx,src/shared/ui/icons/index.js,Yes,Active
src/features/reports/components/Reports/ReportStatusBadge.jsx,ui/logic,features,src/features/reports/components/Results/ReportResults.jsx,,Yes,Active
src/features/reports/components/Reports/SearchCourt.jsx,ui/logic,features,src/app/routes/AuthRoutes.jsx,src/shared/services/api/axiosConfig.js,Yes,Active
src/features/reports/components/Results/ReportResults.jsx,ui/logic,features,src/features/reports/pages/ReportTabPage.jsx,src/features/reports/components/Reports/ReportStatusBadge.jsx,Yes,Active
src/features/reports/components/Tabs/ReportsTabs.jsx,ui/logic,features,src/features/reports/pages/ReportsIndex.jsx,src/shared/ui/icons/index.js,Yes,Active
src/features/reports/hooks/useReportsQuery.js,ui/logic,features,src/features/reports/pages/ReportTabPage.jsx; src/features/reports/pages/ReportsIndex.jsx; src/features/reports/pages/ReportsOverview.jsx,src/features/reports/services/reportsApi.js,Yes,Active
src/features/reports/pages/CasesReport.jsx,ui/logic,features,src/app/routes/AuthRoutes.jsx,src/features/reports/pages/ReportTabPage.jsx,Yes,Active
src/features/reports/pages/ClientsReport.jsx,ui/logic,features,src/app/routes/AuthRoutes.jsx,src/features/reports/pages/ReportTabPage.jsx,Yes,Active
src/features/reports/pages/ProceduresReport.jsx,ui/logic,features,src/app/routes/AuthRoutes.jsx,src/features/reports/pages/ReportTabPage.jsx,Yes,Active
src/features/reports/pages/ReportTabPage.jsx,ui/logic,features,src/features/reports/pages/CasesReport.jsx; src/features/reports/pages/ClientsReport.jsx; src/features/reports/pages/ProceduresReport.jsx; src/features/reports/pages/ServicesReport.jsx; src/features/reports/pages/SessionsReport.jsx,src/features/reports/components/Filters/ReportFilters.jsx; src/features/reports/components/Results/ReportResults.jsx; src/features/reports/hooks/useReportsQuery.js,Yes,Active
src/features/reports/pages/ReportsIndex.jsx,ui/logic,features,src/app/routes/AuthRoutes.jsx,src/features/reports/components/Reports/ReportPageHeader.jsx; src/features/reports/components/Tabs/ReportsTabs.jsx; src/features/reports/hooks/useReportsQuery.js,Yes,Active
src/features/reports/pages/ReportsOverview.jsx,ui/logic,features,src/app/routes/AuthRoutes.jsx,src/features/reports/hooks/useReportsQuery.js; src/features/reports/services/reportsApi.js,Yes,Active
src/features/reports/pages/ServicesReport.jsx,ui/logic,features,src/app/routes/AuthRoutes.jsx,src/features/reports/pages/ReportTabPage.jsx,Yes,Active
src/features/reports/pages/SessionsReport.jsx,ui/logic,features,src/app/routes/AuthRoutes.jsx,src/features/reports/pages/ReportTabPage.jsx,Yes,Active
src/features/reports/services/reportsApi.js,ui/logic,features,src/features/reports/hooks/useReportsQuery.js; src/features/reports/pages/ReportsOverview.jsx,src/shared/services/api/axiosConfig.js; src/shared/services/api/lookups.js,Yes,Active
src/features/settings/components/CaseSettingsPanel.jsx,ui/logic,features,src/features/settings/pages/ManagmentSettings.jsx,src/shared/components/LookupManager/LookupManager.jsx; src/shared/contexts/AlertContext.jsx; src/shared/contexts/LanguageContext.jsx; src/shared/services/api/lookups.js; src/shared/ui/card.jsx; src/shared/ui/tabs.tsx,Yes,Active
src/features/settings/components/OfficeSettings/LookupManager.jsx,ui/logic,features,src/features/settings/components/Settings/ExpenseCategorys.jsx; src/features/settings/components/Settings/ServiceTypes.jsx,src/shared/contexts/AlertContext.jsx; src/shared/contexts/LanguageContext.jsx; src/shared/services/api/officeSettings.js; src/shared/ui/alert-dialog.tsx; src/shared/ui/button.jsx; src/shared/ui/dialog.tsx; src/shared/ui/input.jsx,No,Suspicious
src/features/settings/components/Settings/ExpenseCategorys.jsx,ui/logic,features,,src/features/settings/components/OfficeSettings/LookupManager.jsx; src/shared/contexts/AuthContext.jsx,No,Unused candidate
src/features/settings/components/Settings/GeneralSettings.jsx,ui/logic,features,,,No,Unused candidate
src/features/settings/components/Settings/LegcaseTypes.jsx,ui/logic,features,,src/assets/icons/index.js; src/shared/components/common/SectionHeader.jsx; src/shared/contexts/AlertContext.jsx; src/shared/services/api/legalCases.js,No,Unused candidate
src/features/settings/components/Settings/ProfileSettings.jsx,ui/logic,features,,,No,Unused candidate
src/features/settings/components/Settings/ProfileUser.jsx,ui/logic,features,src/app/routes/AuthRoutes.jsx,src/shared/services/api/axiosConfig.js,Yes,Active
src/features/settings/components/Settings/SecuritySettings.jsx,ui/logic,features,,,No,Unused candidate
src/features/settings/components/Settings/ServiceTypes.jsx,ui/logic,features,,src/features/settings/components/OfficeSettings/LookupManager.jsx; src/shared/contexts/AuthContext.jsx,No,Unused candidate
src/features/settings/pages/ManagmentSettings.jsx,ui/logic,features,src/app/routes/AuthRoutes.jsx,src/features/settings/components/CaseSettingsPanel.jsx; src/shared/components/LookupManager/LookupManager.jsx; src/shared/components/LookupManager/config.js; src/shared/contexts/AlertContext.jsx; src/shared/contexts/AuthContext.jsx; src/shared/contexts/LanguageContext.jsx; src/shared/services/api/lookups.js; src/shared/services/api/officePreferences.js; src/shared/ui/button.jsx; src/shared/ui/card.jsx; src/shared/ui/tabs.tsx,Yes,Active
src/features/ui-qa/components/QaSectionCard.jsx,ui/logic,features,src/features/ui-qa/pages/UiQaPage.jsx,src/shared/icons/lexicraft/index.tsx,Yes,Active
src/features/ui-qa/pages/UiQaPage.jsx,ui/logic,features,src/app/routes/AuthRoutes.jsx,src/features/clients/components/ClientsAndUnClients/clients/AddEditClient.jsx; src/features/legal-cases/components/LegalCases/AddEditLegCase.jsx; src/features/legal-cases/components/LegalCases/LegalCaseTools/Modals/ProcedureModal.jsx; src/features/ui-qa/components/QaSectionCard.jsx; src/features/ui-qa/utils/qaChecks.js; src/shared/components/common/TableComponent.jsx; src/shared/contexts/LanguageContext.jsx; src/shared/icons/lexicraft/index.tsx; src/shared/services/api/axiosConfig.js; src/shared/services/api/clients.js; src/shared/services/api/legalCases.js; src/shared/services/api/procedures.js; src/shared/services/auth/authStorage.js,Yes,Active
src/features/ui-qa/utils/qaChecks.js,ui/logic,features,src/features/ui-qa/pages/UiQaPage.jsx,,Yes,Active
src/main.tsx,ui/logic,main.tsx,,src/app/App.tsx; src/app/store/store.js; src/shared/contexts/AlertContext.jsx; src/shared/contexts/AuthContext.jsx; src/shared/contexts/LanguageContext.jsx; src/shared/security/SecurityContext.tsx; src/styles/index.css,Yes,Active
src/shared/api/adminAuth.service.ts,ui/logic,shared,src/shared/hooks/useUserRoles.ts,src/shared/api/axiosConfig.ts; src/shared/types/website.ts,No,Suspicious
src/shared/api/axiosConfig.ts,ui/logic,shared,src/features/power-of-attorneys/pages/PowerOfAttorneyPage.jsx; src/shared/api/adminAuth.service.ts; src/shared/api/clients.service.ts; src/shared/api/legalCases.service.ts; src/shared/api/websiteAdmin.service.ts; src/shared/hooks/useWebsiteCollection.ts; src/shared/hooks/useWebsiteContent.ts,src/config/config.jsx; src/shared/services/auth/authStorage.js,Yes,Active
src/shared/api/clients.service.ts,ui/logic,shared,src/shared/hooks/useClients.ts,src/shared/api/axiosConfig.ts; src/shared/types/clients.ts,No,Suspicious
src/shared/api/legalCases.service.ts,ui/logic,shared,src/shared/hooks/useLegalCases.tsx,src/shared/api/axiosConfig.ts; src/shared/types/legalCase.ts,No,Suspicious
src/shared/api/rbac/client.ts,ui/logic,shared,src/features/admin/pages/AdminAccessManagementPage.jsx; src/features/admin/pages/QaRbacPage.jsx; src/shared/security/SecurityContext.tsx,src/shared/api/rbac/mock.ts; src/shared/api/rbac/real.ts,Yes,Active
src/shared/api/rbac/mock.ts,ui/logic,shared,src/shared/api/rbac/client.ts,src/shared/api/rbac/types.ts; src/shared/security/permission-map.ts; src/shared/security/roles.ts,Yes,Active
src/shared/api/rbac/real.ts,ui/logic,shared,src/shared/api/rbac/client.ts,src/shared/api/rbac/types.ts; src/shared/services/api/axiosConfig.js,Yes,Active
src/shared/api/rbac/types.ts,ui/logic,shared,src/shared/api/rbac/mock.ts; src/shared/api/rbac/real.ts; src/shared/security/SecurityContext.tsx,,Yes,Active
src/shared/api/websiteAdmin.service.ts,ui/logic,shared,src/shared/hooks/usePageManager.ts; src/shared/hooks/useWorkflowManager.ts,src/shared/api/axiosConfig.ts; src/shared/types/website.ts,No,Suspicious
src/shared/components/Finance/FinanceFilters.jsx,ui/logic,shared,src/features/finance/pages/FinanceLedgerPage.jsx,src/shared/contexts/LanguageContext.jsx; src/shared/ui/button.jsx; src/shared/ui/input.jsx,Yes,Active
src/shared/components/Finance/FinanceSummaryCards.jsx,ui/logic,shared,src/features/finance/pages/CaseFinanceSummaryPage.jsx,src/shared/contexts/LanguageContext.jsx; src/shared/ui/card.jsx,Yes,Active
src/shared/components/Finance/LedgerTable.jsx,ui/logic,shared,src/features/finance/pages/CaseFinanceSummaryPage.jsx; src/features/finance/pages/FinanceLedgerPage.jsx,src/shared/contexts/LanguageContext.jsx,Yes,Active
src/shared/components/Finance/TransactionForm.jsx,ui/logic,shared,src/features/finance/pages/CreateTransactionPage.jsx,src/shared/contexts/AlertContext.jsx; src/shared/contexts/LanguageContext.jsx; src/shared/services/api/finance.js; src/shared/ui/button.jsx; src/shared/ui/input.jsx,Yes,Active
src/shared/components/LookupManager/LookupManager.jsx,ui/logic,shared,src/features/settings/components/CaseSettingsPanel.jsx; src/features/settings/pages/ManagmentSettings.jsx,src/shared/contexts/AlertContext.jsx; src/shared/contexts/LanguageContext.jsx; src/shared/services/api/lookups.js; src/shared/ui/badge.jsx; src/shared/ui/button.jsx; src/shared/ui/card.jsx; src/shared/ui/checkbox.jsx; src/shared/ui/dialog.tsx; src/shared/ui/input.jsx,Yes,Refactor needed
src/shared/components/LookupManager/config.js,ui/logic,shared,src/features/settings/pages/ManagmentSettings.jsx,,Yes,Active
src/shared/components/common/AnalogClock.jsx,ui/logic,shared,,,No,Unused candidate
src/shared/components/common/DropdownEditMenu.jsx,ui/logic,shared,,src/shared/utils/Transition.jsx,No,Unused candidate
src/shared/components/common/DropdownNotifications.jsx,ui/logic,shared,src/features/dashboard/components/dashboard/Header.jsx,,No,Suspicious
src/shared/components/common/DropdownProfile.jsx,ui/logic,shared,src/features/dashboard/components/dashboard/Header.jsx,src/features/auth/components/AuthUser.jsx; src/shared/utils/Transition.jsx,No,Suspicious
src/shared/components/common/GlobalAlert.jsx,ui/logic,shared,src/shared/contexts/AlertContext.jsx,,Yes,Active
src/shared/components/common/GlobalConfirmDeleteModal.jsx,ui/logic,shared,src/features/admin/pages/AdminAccessManagementPage.jsx; src/features/clients/components/ClientsAndUnClients/unclients/index.jsx; src/features/legal-cases/components/LegalCases/LegalCaseTools/LegCaseCourts.jsx; src/features/legal-cases/components/LegalCases/LegalCaseTools/LegalCaseAds.jsx; src/features/legal-cases/components/LegalCases/LegalCaseTools/LegalCaseClients.jsx; src/features/legal-cases/components/LegalCases/LegalCaseTools/LegalCaseProcedures.jsx; src/features/legal-cases/components/LegalCases/LegalCaseTools/LegalCaseSessions.jsx; src/features/legal-services/components/LegalServices/Procedures/index.jsx; src/features/legal-services/pages/LegalServicList.jsx,,Yes,Active
src/shared/components/common/GlobalLogo.jsx,ui/logic,shared,,src/assets/images/index.js,No,Unused candidate
src/shared/components/common/GlobalModal.jsx,ui/logic,shared,src/features/admin/components/RolePermissionsModal.jsx; src/features/admin/pages/AdminAccessManagementPage.jsx; src/features/clients/components/ClientsAndUnClients/clients/AddEditClient.jsx; src/features/clients/components/ClientsAndUnClients/unclients/AddEditUnclient.jsx; src/features/legal-services/components/LegalServices/AddEditServiceModal.jsx; src/features/legal-services/components/LegalServices/Procedures/AddEditServiceProcedureModal.jsx,,Yes,Active
src/shared/components/common/HeaderToggle.jsx,ui/logic,shared,src/features/dashboard/components/dashboard/Header.jsx,src/shared/contexts/SidebarContext.jsx,No,Suspicious
src/shared/components/common/HomeCards.jsx,ui/logic,shared,,src/shared/data.js,No,Unused candidate
src/shared/components/common/InputField.jsx,ui/logic,shared,,,No,Unused candidate
src/shared/components/common/LegalIcon.tsx,ui/logic,shared,,src/config/iconography.ts,No,Unused candidate
src/shared/components/common/MainCard.jsx,ui/logic,shared,src/features/lawyers/components/Lawyers/lawyerAddEdit.jsx,src/shared/lib/utils.js,Yes,Active
src/shared/components/common/Pagination.jsx,ui/logic,shared,,,No,Unused candidate
src/shared/components/common/SectionHeader.jsx,ui/logic,shared,src/features/clients/pages/ClientUnClientList.jsx; src/features/documents/pages/DocumentsHubPage.jsx; src/features/finance/pages/CaseFinanceSummaryPage.jsx; src/features/finance/pages/CreateTransactionPage.jsx; src/features/finance/pages/FinanceLedgerPage.jsx; src/features/lawyers/pages/LawyerList.jsx; src/features/legal-cases/pages/LegalCaseList.jsx; src/features/legal-services/pages/LegalServicList.jsx; src/features/procedures/components/Procedures/ProcedurePlaceTypes.jsx; src/features/procedures/components/Procedures/ProcedureTypes.jsx; src/features/procedures/pages/ProceduresList.jsx; src/features/settings/components/Settings/LegcaseTypes.jsx,src/shared/contexts/LanguageContext.jsx; src/shared/lib/utils.js; src/shared/ui/button.jsx,Yes,Refactor needed
src/shared/components/common/Spinners/AuthSpinner.jsx,ui/logic,shared,src/features/dashboard/components/dashboard/DashboardSearch.jsx,src/assets/images/index.js,Yes,Active
src/shared/components/common/Spinners/GlobalSpinner.jsx,ui/logic,shared,src/app/routes/AuthRoutes.jsx; src/features/clients/pages/ClientUnClientList.jsx; src/shared/contexts/SpinnerContext.jsx,,Yes,Active
src/shared/components/common/Spinners/HomeSpinner.jsx,ui/logic,shared,,,No,Unused candidate
src/shared/components/common/TableComponent.jsx,ui/logic,shared,src/features/admin/pages/AdminAccessManagementPage.jsx; src/features/clients/components/ClientsAndUnClients/clients/index.jsx; src/features/clients/components/ClientsAndUnClients/unclients/index.jsx; src/features/lawyers/pages/LawyerList.jsx; src/features/legal-cases/components/LegalCases/LegalCaseTools/LegalCaseAds.jsx; src/features/legal-cases/components/LegalCases/LegalCaseTools/LegalCaseClients.jsx; src/features/legal-cases/components/LegalCases/LegalCaseTools/LegalCaseProcedures.jsx; src/features/legal-cases/components/LegalCases/LegalCaseTools/LegalCaseSessions.jsx; src/features/legal-cases/components/LegalCases/LegalCaseTools/Modals/CourtList.jsx; src/features/legal-cases/pages/LegalCaseList.jsx; src/features/legal-services/pages/LegalServicList.jsx; src/features/ui-qa/pages/UiQaPage.jsx,src/shared/icons/lexicraft/index.tsx,Yes,Active
src/shared/components/common/Tooltip.jsx,ui/logic,shared,src/features/dashboard/components/dashboard/dashboard/DashboardCard09.jsx,src/shared/utils/Transition.jsx,No,Suspicious
src/shared/components/filters/DateInput.jsx,ui/logic,shared,src/shared/components/filters/DateRange.jsx; src/shared/components/filters/index.js,src/shared/components/filters/TextInput.jsx; src/shared/utils/dateFilters.js,No,Suspicious
src/shared/components/filters/DateRange.jsx,ui/logic,shared,src/shared/components/filters/index.js,src/shared/components/filters/DateInput.jsx; src/shared/components/filters/FormField.jsx; src/shared/utils/dateFilters.js,No,Suspicious
src/shared/components/filters/FilterGrid.jsx,ui/logic,shared,src/shared/components/filters/index.js,,No,Suspicious
src/shared/components/filters/FilterGroup.jsx,ui/logic,shared,src/shared/components/filters/index.js,,No,Suspicious
src/shared/components/filters/FilterShell.jsx,ui/logic,shared,src/shared/components/filters/index.js,,No,Suspicious
src/shared/components/filters/FormField.jsx,ui/logic,shared,src/shared/components/filters/DateRange.jsx; src/shared/components/filters/index.js,,No,Suspicious
src/shared/components/filters/SelectInput.jsx,ui/logic,shared,src/shared/components/filters/index.js,src/shared/components/filters/TextInput.jsx,No,Suspicious
src/shared/components/filters/TextInput.jsx,ui/logic,shared,src/shared/components/filters/DateInput.jsx; src/shared/components/filters/SelectInput.jsx; src/shared/components/filters/index.js,,No,Suspicious
src/shared/components/filters/index.js,ui/logic,shared,,src/shared/components/filters/DateInput.jsx; src/shared/components/filters/DateRange.jsx; src/shared/components/filters/FilterGrid.jsx; src/shared/components/filters/FilterGroup.jsx; src/shared/components/filters/FilterShell.jsx; src/shared/components/filters/FormField.jsx; src/shared/components/filters/SelectInput.jsx; src/shared/components/filters/TextInput.jsx,No,Duplicate
src/shared/contexts/AlertContext.jsx,ui/logic,shared,src/features/auth/pages/Signup.jsx; src/features/clients/components/ClientsAndUnClients/clients/AddEditClient.jsx; src/features/clients/components/ClientsAndUnClients/clients/index.jsx; src/features/clients/components/ClientsAndUnClients/unclients/AddEditUnclient.jsx; src/features/finance/pages/CaseFinanceSummaryPage.jsx; src/features/finance/pages/FinanceLedgerPage.jsx; src/features/legal-cases/components/LegalCases/LegalCaseTools/LegCaseCourts.jsx; src/features/legal-cases/components/LegalCases/LegalCaseTools/LegalCaseAds.jsx; src/features/legal-cases/components/LegalCases/LegalCaseTools/LegalCaseClients.jsx; src/features/legal-cases/components/LegalCases/LegalCaseTools/LegalCaseProcedures.jsx; src/features/legal-cases/components/LegalCases/LegalCaseTools/LegalCaseSessions.jsx; src/features/legal-cases/components/LegalCases/LegalCaseTools/Modals/LegalAdModal.jsx; src/features/legal-cases/components/LegalCases/LegalCaseTools/Modals/ProcedureModal.jsx; src/features/legal-cases/components/LegalCases/LegalCaseTools/Modals/SessionModal.jsx; src/features/legal-services/components/LegalServices/AddEditServiceModal.jsx; src/features/legal-services/components/LegalServices/Procedures/AddEditServiceProcedureModal.jsx; src/features/legal-services/components/LegalServices/Procedures/index.jsx; src/features/legal-services/pages/LegalServicList.jsx; src/features/procedures/components/Procedures/ProcedurePlaceTypes.jsx; src/features/procedures/components/Procedures/ProcedureTypes.jsx; src/features/settings/components/CaseSettingsPanel.jsx; src/features/settings/components/OfficeSettings/LookupManager.jsx; src/features/settings/components/Settings/LegcaseTypes.jsx; src/features/settings/pages/ManagmentSettings.jsx; src/main.tsx; src/shared/components/Finance/TransactionForm.jsx; src/shared/components/LookupManager/LookupManager.jsx,src/shared/components/common/GlobalAlert.jsx,Yes,Active
src/shared/contexts/AuthContext.jsx,ui/logic,shared,src/app/App.tsx; src/features/auth/components/AuthUser.jsx; src/features/auth/pages/Login.jsx; src/features/home/components/HomeHeader.tsx; src/features/settings/components/Settings/ExpenseCategorys.jsx; src/features/settings/components/Settings/ServiceTypes.jsx; src/features/settings/pages/ManagmentSettings.jsx; src/main.tsx; src/shared/hooks/useUserRoles.ts; src/shared/layout/Header.jsx; src/shared/security/SecurityContext.tsx,src/shared/services/api/axiosConfig.js; src/shared/services/auth/authStorage.js,Yes,Active
src/shared/contexts/DataContext.jsx,ui/logic,shared,,src/shared/services/api/GeneralReqApi.js,No,Unused candidate
src/shared/contexts/LanguageContext.jsx,ui/logic,shared,src/app/App.tsx; src/features/admin/components/RolePermissionsModal.jsx; src/features/admin/pages/AdminAccessManagementPage.jsx; src/features/admin/pages/QaRbacPage.jsx; src/features/auth/pages/Login.jsx; src/features/auth/pages/Signup.jsx; src/features/clients/pages/ClientUnClientList.jsx; src/features/documents/pages/DocumentsHubPage.jsx; src/features/finance/components/Financially/ClientAccount/index.jsx; src/features/finance/pages/CaseFinanceSummaryPage.jsx; src/features/finance/pages/CreateTransactionPage.jsx; src/features/finance/pages/FinanceLedgerPage.jsx; src/features/home/components/ArticleCard.tsx; src/features/home/components/Breadcrumbs.tsx; src/features/home/components/CTABlock.tsx; src/features/home/components/HomeFooter.tsx; src/features/home/components/HomeHeader.tsx; src/features/home/components/IndustryCard.tsx; src/features/home/components/ServiceCard.tsx; src/features/home/components/TeamCard.tsx; src/features/home/pages/HomePage.jsx; src/features/home/pages/PublicContentPage.jsx; src/features/icons-gallery/pages/IconsGalleryPage.tsx; src/features/legal-cases/components/LegalCases/AddEditLegCase.jsx; src/features/legal-cases/components/LegalCases/LegalCaseDetails.jsx; src/features/legal-cases/components/LegalCases/LegalCaseTools/LegCaseCourts.jsx; src/features/legal-cases/components/LegalCases/LegalCaseTools/LegalCaseAds.jsx; src/features/legal-cases/components/LegalCases/LegalCaseTools/LegalCaseClients.jsx; src/features/legal-cases/components/LegalCases/LegalCaseTools/LegalCaseOverview.jsx; src/features/legal-cases/components/LegalCases/LegalCaseTools/LegalCaseProcedures.jsx; src/features/legal-cases/components/LegalCases/LegalCaseTools/LegalCaseSessions.jsx; src/features/legal-cases/components/LegalCases/LegalCaseTools/Modals/AdsDetailsModal.jsx; src/features/legal-cases/components/LegalCases/LegalCaseTools/Modals/CourtList.jsx; src/features/legal-cases/components/LegalCases/LegalCaseTools/Modals/CourtModal.jsx; src/features/legal-cases/components/LegalCases/LegalCaseTools/Modals/LegalAdModal.jsx; src/features/legal-cases/components/LegalCases/LegalCaseTools/Modals/ProcedureModal.jsx; src/features/legal-cases/components/LegalCases/LegalCaseTools/Modals/SessionDetailsModal.jsx; src/features/legal-cases/components/LegalCases/LegalCaseTools/Modals/SessionModal.jsx; src/features/legal-cases/components/LegalCases/LegalCaseTools/SectionHeader.jsx; src/features/legal-cases/pages/LegalCaseList.jsx; src/features/power-of-attorneys/pages/PowerOfAttorneyPage.jsx; src/features/reports/components/Filters/ReportFilters.jsx; src/features/settings/components/CaseSettingsPanel.jsx; src/features/settings/components/OfficeSettings/LookupManager.jsx; src/features/settings/pages/ManagmentSettings.jsx; src/features/ui-qa/pages/UiQaPage.jsx; src/main.tsx; src/shared/components/Finance/FinanceFilters.jsx; src/shared/components/Finance/FinanceSummaryCards.jsx; src/shared/components/Finance/LedgerTable.jsx; src/shared/components/Finance/TransactionForm.jsx; src/shared/components/LookupManager/LookupManager.jsx; src/shared/components/common/SectionHeader.jsx; src/shared/layout/AppShell.jsx; src/shared/layout/AuthLayout.jsx; src/shared/layout/Header.jsx; src/shared/layout/HeaderTabs.jsx; src/shared/layout/MobileDrawer.jsx; src/shared/security/ForbiddenState.jsx; src/shared/ui/ThemeToggle.jsx; src/shared/ui/language-toggle.jsx,src/shared/i18n/index.ts,Yes,Active
src/shared/contexts/SidebarContext.jsx,ui/logic,shared,src/app/App.tsx; src/features/dashboard/components/dashboard/Header.jsx; src/features/dashboard/components/dashboard/Sidebar.jsx; src/shared/components/common/HeaderToggle.jsx; src/shared/layout/Header.jsx; src/shared/layout/MobileDrawer.jsx; src/shared/utils/SidebarContext.jsx,,Yes,Refactor needed
src/shared/contexts/SpinnerContext.jsx,ui/logic,shared,src/app/App.tsx; src/app/routes/AuthRoutes.jsx,src/shared/components/common/Spinners/GlobalSpinner.jsx,Yes,Active
src/shared/contexts/ThemeContext.jsx,ui/logic,shared,src/app/App.tsx; src/features/dashboard/components/dashboard/charts/BarChart01.jsx; src/features/dashboard/components/dashboard/charts/BarChart02.jsx; src/features/dashboard/components/dashboard/charts/BarChart03.jsx; src/features/dashboard/components/dashboard/charts/DoughnutChart.jsx; src/features/dashboard/components/dashboard/charts/LineChart01.jsx; src/features/dashboard/components/dashboard/charts/LineChart02.jsx; src/features/dashboard/components/dashboard/dashboard/DashboardCard07.jsx; src/features/home/components/HomeFooter.tsx; src/features/home/components/HomeHeader.tsx; src/features/home/pages/HomePage.jsx; src/features/icons-gallery/pages/IconsGalleryPage.tsx; src/shared/ui/ThemeToggle.jsx,,Yes,Active
src/shared/data.js,ui/logic,shared,src/shared/components/common/HomeCards.jsx,,No,Suspicious
src/shared/hooks/use-mobile.tsx,ui/logic,shared,,,No,Unused candidate
src/shared/hooks/use-toast.js,ui/logic,shared,src/features/auth/pages/Login.jsx,,Yes,Active
src/shared/hooks/useClients.ts,ui/logic,shared,,src/shared/api/clients.service.ts; src/shared/types/clients.ts,No,Unused candidate
src/shared/hooks/useLegalCases.tsx,ui/logic,shared,,src/shared/api/legalCases.service.ts; src/shared/types/legalCase.ts,No,Unused candidate
src/shared/hooks/useNotifications.ts,ui/logic,shared,,src/features/notifications/NotificationCenter.tsx,No,Unused candidate
src/shared/hooks/usePageManager.ts,ui/logic,shared,,src/shared/api/websiteAdmin.service.ts; src/shared/types/website.ts,No,Unused candidate
src/shared/hooks/useUserRoles.ts,ui/logic,shared,,src/shared/api/adminAuth.service.ts; src/shared/contexts/AuthContext.jsx; src/shared/types/website.ts,No,Unused candidate
src/shared/hooks/useWebsiteCollection.ts,ui/logic,shared,,src/shared/api/axiosConfig.ts,No,Unused candidate
src/shared/hooks/useWebsiteContent.ts,ui/logic,shared,,src/shared/api/axiosConfig.ts; src/shared/types/website.ts,No,Unused candidate
src/shared/hooks/useWorkflowManager.ts,ui/logic,shared,,src/shared/api/websiteAdmin.service.ts; src/shared/types/website.ts,No,Unused candidate
src/shared/i18n/formatters.ts,ui/logic,shared,src/features/legal-cases/components/LegalCases/LegalCaseDetails.jsx; src/shared/i18n/formatters.ts,src/shared/i18n/formatters.ts,Yes,Active
src/shared/i18n/index.ts,ui/logic,shared,src/shared/contexts/LanguageContext.jsx,src/shared/locales/ar.js; src/shared/locales/ar/common.json; src/shared/locales/ar/finance.json; src/shared/locales/ar/settings.json; src/shared/locales/en.js; src/shared/locales/en/common.json; src/shared/locales/en/finance.json; src/shared/locales/en/public-site.js; src/shared/locales/en/settings.json,Yes,Active
src/shared/icons/icon-map.ts,ui/logic,shared,,,No,Unused candidate
src/shared/icons/legal/LegalIcons.tsx,ui/logic,shared,src/config/iconography.ts,,No,Suspicious
src/shared/icons/lexicraft/icons.tsx,ui/logic,shared,src/shared/icons/lexicraft/index.tsx,,Yes,Active
src/shared/icons/lexicraft/index.tsx,ui/logic,shared,src/features/admin/components/RolePermissionsModal.jsx; src/features/admin/pages/AdminAccessManagementPage.jsx; src/features/clients/components/ClientsAndUnClients/clients/AddEditClient.jsx; src/features/clients/components/ClientsAndUnClients/unclients/AddEditUnclient.jsx; src/features/clients/pages/ClientUnClientList.jsx; src/features/icons-gallery/components/IconCard.tsx; src/features/legal-cases/components/LegalCases/AddEditLegCase.jsx; src/features/legal-cases/components/LegalCases/LegalCaseDetails.jsx; src/features/legal-cases/components/LegalCases/LegalCaseTools/LegCaseCourts.jsx; src/features/legal-cases/components/LegalCases/LegalCaseTools/LegalCaseClients.jsx; src/features/legal-cases/components/LegalCases/LegalCaseTools/Modals/AdsDetailsModal.jsx; src/features/legal-cases/components/LegalCases/LegalCaseTools/Modals/CourtModal.jsx; src/features/legal-cases/components/LegalCases/LegalCaseTools/Modals/ProcedureModal.jsx; src/features/legal-cases/components/LegalCases/LegalCaseTools/SectionHeader.jsx; src/features/ui-qa/components/QaSectionCard.jsx; src/features/ui-qa/pages/UiQaPage.jsx; src/shared/components/common/TableComponent.jsx; src/shared/security/ForbiddenState.jsx; src/shared/ui/icons/AppIcon.jsx,src/shared/icons/lexicraft/icons.tsx; src/shared/icons/lexicraft/manifest.ts,Yes,Active
src/shared/icons/lexicraft/manifest.ts,ui/logic,shared,src/features/icons-gallery/components/IconCard.tsx; src/features/icons-gallery/pages/IconsGalleryPage.tsx; src/shared/icons/lexicraft/index.tsx,,Yes,Active
src/shared/icons/system/IconRegistry.ts,ui/logic,shared,,,No,Unused candidate
src/shared/icons/system/ai-prompts.json,ui/logic,shared,,,No,Unused candidate
src/shared/icons/system/design-tokens.ts,ui/logic,shared,,,No,Unused candidate
src/shared/icons/system/icons-manifest.json,ui/logic,shared,,,No,Unused candidate
src/shared/layout/AppShell.jsx,ui/logic,shared,src/features/dashboard/pages/DashboardPage.jsx,src/shared/contexts/LanguageContext.jsx; src/shared/layout/Header.jsx; src/shared/layout/MobileDrawer.jsx; src/shared/lib/utils.js,Yes,Active
src/shared/layout/AuthLayout.jsx,ui/logic,shared,src/features/auth/pages/Login.jsx; src/features/auth/pages/Signup.jsx,src/shared/contexts/LanguageContext.jsx; src/shared/lib/utils.js,Yes,Active
src/shared/layout/Header.jsx,ui/logic,shared,src/shared/layout/AppShell.jsx,src/shared/contexts/AuthContext.jsx; src/shared/contexts/LanguageContext.jsx; src/shared/contexts/SidebarContext.jsx; src/shared/layout/HeaderTabs.jsx; src/shared/lib/utils.js; src/shared/ui/ThemeToggle.jsx; src/shared/ui/button.jsx; src/shared/ui/dropdown-menu.jsx; src/shared/ui/language-toggle.jsx,Yes,Refactor needed
src/shared/layout/HeaderTabs.jsx,ui/logic,shared,src/shared/layout/Header.jsx,src/config/sidebar.js; src/shared/contexts/LanguageContext.jsx; src/shared/layout/NavLink.jsx; src/shared/layout/nav-order.js; src/shared/lib/utils.js; src/shared/security/SecurityContext.tsx; src/shared/security/permissions.ts; src/shared/ui/dropdown-menu.jsx,Yes,Active
src/shared/layout/MobileDrawer.jsx,ui/logic,shared,src/shared/layout/AppShell.jsx,src/config/sidebar.js; src/shared/contexts/LanguageContext.jsx; src/shared/contexts/SidebarContext.jsx; src/shared/layout/nav-order.js; src/shared/lib/utils.js; src/shared/security/SecurityContext.tsx; src/shared/security/permissions.ts; src/shared/ui/ThemeToggle.jsx; src/shared/ui/button.jsx; src/shared/ui/language-toggle.jsx,Yes,Active
src/shared/layout/NavLink.jsx,ui/logic,shared,src/shared/layout/HeaderTabs.jsx,src/shared/lib/utils.js,Yes,Active
src/shared/layout/SearchResults.jsx,ui/logic,shared,src/features/courts/pages/SearchCourtsApi.jsx,src/shared/lib/utils.js,Yes,Active
src/shared/layout/layout-classes.jsx,ui/logic,shared,,,No,Unused candidate
src/shared/layout/nav-order.js,ui/logic,shared,src/shared/layout/HeaderTabs.jsx; src/shared/layout/MobileDrawer.jsx,,Yes,Active
src/shared/lib/utils.js,ui/logic,shared,src/features/auth/pages/Login.jsx; src/features/auth/pages/Signup.jsx; src/features/dashboard/components/dashboard/dashboard/DashboardMultCards.jsx; src/features/documents/pages/DocumentsHubPage.jsx; src/shared/components/common/MainCard.jsx; src/shared/components/common/SectionHeader.jsx; src/shared/layout/AppShell.jsx; src/shared/layout/AuthLayout.jsx; src/shared/layout/Header.jsx; src/shared/layout/HeaderTabs.jsx; src/shared/layout/MobileDrawer.jsx; src/shared/layout/NavLink.jsx; src/shared/layout/SearchResults.jsx; src/shared/ui/ThemeToggle.jsx; src/shared/ui/accordion.tsx; src/shared/ui/alert-dialog.tsx; src/shared/ui/alert.tsx; src/shared/ui/avatar.tsx; src/shared/ui/badge.jsx; src/shared/ui/breadcrumb.tsx; src/shared/ui/button.jsx; src/shared/ui/calendar.tsx; src/shared/ui/card.jsx; src/shared/ui/carousel.tsx; src/shared/ui/chart.tsx; src/shared/ui/checkbox.jsx; src/shared/ui/command.tsx; src/shared/ui/context-menu.tsx; src/shared/ui/dialog.tsx; src/shared/ui/drawer.tsx; src/shared/ui/dropdown-menu.jsx; src/shared/ui/form.tsx; src/shared/ui/glass-card.tsx; src/shared/ui/hover-card.tsx; src/shared/ui/input-otp.tsx; src/shared/ui/input.jsx; src/shared/ui/label.jsx; src/shared/ui/language-toggle.jsx; src/shared/ui/menubar.tsx; src/shared/ui/navigation-menu.tsx; src/shared/ui/pagination.tsx; src/shared/ui/popover.tsx; src/shared/ui/progress.tsx; src/shared/ui/radio-group.tsx; src/shared/ui/resizable.tsx; src/shared/ui/scroll-area.tsx; src/shared/ui/skeleton.tsx; src/shared/ui/tabs.tsx,,Yes,Refactor needed
src/shared/locales/ar.js,ui/logic,shared,src/shared/i18n/index.ts,,Yes,Active
src/shared/locales/ar/common.json,ui/logic,shared,src/shared/i18n/index.ts,,Yes,Refactor needed
src/shared/locales/ar/finance.json,ui/logic,shared,src/shared/i18n/index.ts,,Yes,Refactor needed
src/shared/locales/ar/settings.json,ui/logic,shared,src/shared/i18n/index.ts,,Yes,Refactor needed
src/shared/locales/en.js,ui/logic,shared,src/shared/i18n/index.ts,,Yes,Active
src/shared/locales/en/common.json,ui/logic,shared,src/shared/i18n/index.ts,,Yes,Refactor needed
src/shared/locales/en/finance.json,ui/logic,shared,src/shared/i18n/index.ts,,Yes,Refactor needed
src/shared/locales/en/public-site.js,ui/logic,shared,src/shared/i18n/index.ts,,Yes,Active
src/shared/locales/en/settings.json,ui/logic,shared,src/shared/i18n/index.ts,,Yes,Refactor needed
src/shared/security/ForbiddenState.jsx,ui/logic,shared,src/features/admin/pages/AdminAccessManagementPage.jsx; src/features/clients/components/ClientsAndUnClients/clients/index.jsx; src/features/courts/pages/SearchCourtsApi.jsx; src/features/legal-cases/pages/LegalCaseList.jsx; src/features/procedures/pages/ProceduresList.jsx; src/shared/security/PermissionGuard.tsx,src/shared/contexts/LanguageContext.jsx; src/shared/icons/lexicraft/index.tsx,Yes,Active
src/shared/security/PermissionGuard.tsx,ui/logic,shared,src/app/routes/AuthRoutes.jsx; src/features/legal-cases/pages/LegalCaseList.jsx,src/shared/security/ForbiddenState.jsx; src/shared/security/SecurityContext.tsx; src/shared/security/permission-map.ts; src/shared/security/permissions.ts,Yes,Active
src/shared/security/SecurityContext.tsx,ui/logic,shared,src/features/admin/pages/AdminAccessManagementPage.jsx; src/features/admin/pages/QaRbacPage.jsx; src/features/clients/components/ClientsAndUnClients/clients/index.jsx; src/features/courts/pages/SearchCourtsApi.jsx; src/features/legal-cases/components/LegalCases/LegalCaseDetails.jsx; src/features/legal-cases/pages/LegalCaseList.jsx; src/features/procedures/pages/ProceduresList.jsx; src/main.tsx; src/shared/layout/HeaderTabs.jsx; src/shared/layout/MobileDrawer.jsx; src/shared/security/PermissionGuard.tsx,src/shared/api/rbac/client.ts; src/shared/api/rbac/types.ts; src/shared/contexts/AuthContext.jsx; src/shared/security/roles.ts,Yes,Active
src/shared/security/abac.ts,ui/logic,shared,src/features/clients/components/ClientsAndUnClients/clients/index.jsx; src/features/legal-cases/pages/LegalCaseList.jsx,src/shared/security/permission-map.ts; src/shared/security/permissions.ts,Yes,Active
src/shared/security/permission-map.ts,ui/logic,shared,src/app/routes/AuthRoutes.jsx; src/config/sidebar.js; src/features/admin/pages/QaRbacPage.jsx; src/features/legal-cases/components/LegalCases/LegalCaseDetails.jsx; src/features/legal-cases/pages/LegalCaseList.jsx; src/shared/api/rbac/mock.ts; src/shared/security/PermissionGuard.tsx; src/shared/security/abac.ts; src/shared/security/permissions.ts; src/shared/security/roles.ts,,Yes,Active
src/shared/security/permissions.ts,ui/logic,shared,src/features/admin/pages/AdminAccessManagementPage.jsx; src/features/admin/pages/QaRbacPage.jsx; src/features/clients/components/ClientsAndUnClients/clients/index.jsx; src/features/courts/pages/SearchCourtsApi.jsx; src/features/legal-cases/components/LegalCases/LegalCaseDetails.jsx; src/features/legal-cases/pages/LegalCaseList.jsx; src/features/procedures/pages/ProceduresList.jsx; src/shared/layout/HeaderTabs.jsx; src/shared/layout/MobileDrawer.jsx; src/shared/security/PermissionGuard.tsx; src/shared/security/abac.ts,src/shared/security/permission-map.ts,Yes,Active
src/shared/security/roles.ts,ui/logic,shared,src/shared/api/rbac/mock.ts; src/shared/security/SecurityContext.tsx,src/shared/security/permission-map.ts,Yes,Active
src/shared/services/api/GeneralReqApi.js,ui/logic,shared,src/shared/contexts/DataContext.jsx,src/shared/services/api/axiosConfig.js,No,Suspicious
src/shared/services/api/axiosConfig.js,ui/logic,shared,src/features/clients/components/ClientsAndUnClients/clients/AddEditClient.jsx; src/features/clients/components/ClientsAndUnClients/clients/index.jsx; src/features/clients/components/ClientsAndUnClients/unclients/AddEditUnclient.jsx; src/features/clients/components/ClientsAndUnClients/unclients/index.jsx; src/features/courts/components/Courts/case_index.component.jsx; src/features/courts/components/Courts/courtTools/Court.jsx; src/features/courts/components/Courts/courtTools/CourtLevel.jsx; src/features/courts/components/Courts/courtTools/CourtSubType.jsx; src/features/courts/components/Courts/courtTools/CourtType.jsx; src/features/courts/pages/SearchCourtsApi.jsx; src/features/dashboard/components/dashboard/Dashboard.jsx; src/features/finance/components/Financially/Expence/index.jsx; src/features/lawyers/components/Lawyers/lawyerAddEdit.jsx; src/features/legal-cases/pages/LegalCaseList.jsx; src/features/reports/components/Reports/SearchCourt.jsx; src/features/reports/services/reportsApi.js; src/features/settings/components/Settings/ProfileUser.jsx; src/features/ui-qa/pages/UiQaPage.jsx; src/shared/api/rbac/real.ts; src/shared/contexts/AuthContext.jsx; src/shared/services/api/GeneralReqApi.js; src/shared/services/api/clients.js; src/shared/services/api/events.js; src/shared/services/api/expenses.js; src/shared/services/api/finance.js; src/shared/services/api/lawyers.js; src/shared/services/api/legalCases.js; src/shared/services/api/lookups.js; src/shared/services/api/notifications.js; src/shared/services/api/officePreferences.js; src/shared/services/api/officeSettings.js; src/shared/services/api/procedures.js; src/shared/services/api/reports.js; src/shared/services/api/services.js; src/shared/services/api/sessions.js,src/config/config.jsx; src/shared/services/auth/authStorage.js,Yes,Active
src/shared/services/api/clients.js,ui/logic,shared,src/app/reducers/clientsReducer.jsx; src/app/store/clientsSlice.js; src/features/legal-cases/components/LegalCases/LegalCaseTools/LegalCaseClients.jsx; src/features/legal-services/components/LegalServices/AddEditServiceModal.jsx; src/features/ui-qa/pages/UiQaPage.jsx,src/shared/services/api/axiosConfig.js,Yes,Active
src/shared/services/api/courts.js,ui/logic,shared,,src/features/auth/components/AuthUser.jsx,No,Unused candidate
src/shared/services/api/events.js,ui/logic,shared,,src/shared/services/api/axiosConfig.js,No,Unused candidate
src/shared/services/api/expenses.js,ui/logic,shared,,src/shared/services/api/axiosConfig.js,No,Unused candidate
src/shared/services/api/finance.js,ui/logic,shared,src/features/finance/pages/CaseFinanceSummaryPage.jsx; src/features/finance/pages/FinanceLedgerPage.jsx; src/shared/components/Finance/TransactionForm.jsx,src/shared/services/api/axiosConfig.js,Yes,Active
src/shared/services/api/lawyers.js,ui/logic,shared,src/features/lawyers/pages/LawyerList.jsx; src/features/legal-cases/components/LegalCases/LegalCaseTools/Modals/ProcedureModal.jsx; src/features/legal-cases/components/LegalCases/LegalCaseTools/Modals/SessionModal.jsx; src/features/legal-services/components/LegalServices/Procedures/AddEditServiceProcedureModal.jsx,src/shared/services/api/axiosConfig.js,Yes,Active
src/shared/services/api/legalCases.js,ui/logic,shared,src/features/legal-cases/components/LegalCases/AddEditLegCase.jsx; src/features/legal-cases/components/LegalCases/LegalCaseDetails.jsx; src/features/legal-cases/components/LegalCases/LegalCaseTools/LegCaseCourts.jsx; src/features/legal-cases/components/LegalCases/LegalCaseTools/LegalCaseAds.jsx; src/features/legal-cases/components/LegalCases/LegalCaseTools/LegalCaseClients.jsx; src/features/legal-cases/components/LegalCases/LegalCaseTools/Modals/LegalAdModal.jsx; src/features/legal-cases/components/LegalCases/LegalCaseTools/Modals/SessionModal.jsx; src/features/legal-cases/pages/LegalCaseList.jsx; src/features/settings/components/Settings/LegcaseTypes.jsx; src/features/ui-qa/pages/UiQaPage.jsx,src/shared/services/api/axiosConfig.js,Yes,Active
src/shared/services/api/lookups.js,ui/logic,shared,src/features/reports/services/reportsApi.js; src/features/settings/components/CaseSettingsPanel.jsx; src/features/settings/pages/ManagmentSettings.jsx; src/shared/components/LookupManager/LookupManager.jsx,src/shared/services/api/axiosConfig.js,Yes,Active
src/shared/services/api/notifications.js,ui/logic,shared,,src/shared/services/api/axiosConfig.js,No,Unused candidate
src/shared/services/api/officePreferences.js,ui/logic,shared,src/features/settings/pages/ManagmentSettings.jsx,src/shared/services/api/axiosConfig.js,Yes,Active
src/shared/services/api/officeSettings.js,ui/logic,shared,src/features/settings/components/OfficeSettings/LookupManager.jsx,src/shared/services/api/axiosConfig.js,No,Suspicious
src/shared/services/api/procedures.js,ui/logic,shared,src/features/legal-cases/components/LegalCases/LegalCaseTools/LegalCaseProcedures.jsx; src/features/legal-cases/components/LegalCases/LegalCaseTools/Modals/ProcedureModal.jsx; src/features/legal-services/components/LegalServices/Procedures/AddEditServiceProcedureModal.jsx; src/features/procedures/components/Procedures/ProcedurePlaceTypes.jsx; src/features/procedures/components/Procedures/ProcedureTypes.jsx; src/features/ui-qa/pages/UiQaPage.jsx,src/shared/services/api/axiosConfig.js,Yes,Active
src/shared/services/api/reports.js,ui/logic,shared,,src/shared/services/api/axiosConfig.js,No,Unused candidate
src/shared/services/api/services.js,ui/logic,shared,src/features/legal-services/components/LegalServices/AddEditServiceModal.jsx; src/features/legal-services/components/LegalServices/Procedures/AddEditServiceProcedureModal.jsx; src/features/legal-services/components/LegalServices/Procedures/index.jsx; src/features/legal-services/pages/LegalServicList.jsx,src/shared/services/api/axiosConfig.js,Yes,Active
src/shared/services/api/sessions.js,ui/logic,shared,src/features/legal-cases/components/LegalCases/LegalCaseTools/LegalCaseSessions.jsx; src/features/legal-cases/components/LegalCases/LegalCaseTools/Modals/SessionModal.jsx,src/shared/services/api/axiosConfig.js,Yes,Active
src/shared/services/auth/authStorage.js,ui/logic,shared,src/features/ui-qa/pages/UiQaPage.jsx; src/shared/api/axiosConfig.ts; src/shared/contexts/AuthContext.jsx; src/shared/services/api/axiosConfig.js,,Yes,Active
src/shared/styles/theme.css,style,shared,src/styles/index.css,,Yes,Active
src/shared/styles/tokens.css,style,shared,src/styles/index.css,,Yes,Active
src/shared/types/clients.ts,ui/logic,shared,src/shared/api/clients.service.ts; src/shared/hooks/useClients.ts,,No,Suspicious
src/shared/types/legalCase.ts,ui/logic,shared,src/shared/api/legalCases.service.ts; src/shared/hooks/useLegalCases.tsx,,No,Suspicious
src/shared/types/website.ts,ui/logic,shared,src/shared/api/adminAuth.service.ts; src/shared/api/websiteAdmin.service.ts; src/shared/hooks/usePageManager.ts; src/shared/hooks/useUserRoles.ts; src/shared/hooks/useWebsiteContent.ts; src/shared/hooks/useWorkflowManager.ts,,No,Suspicious
src/shared/ui/ThemeToggle.jsx,ui/logic,shared,src/features/auth/pages/Login.jsx; src/features/auth/pages/Signup.jsx; src/features/dashboard/components/dashboard/Header.jsx; src/shared/layout/Header.jsx; src/shared/layout/MobileDrawer.jsx,src/shared/contexts/LanguageContext.jsx; src/shared/contexts/ThemeContext.jsx; src/shared/lib/utils.js; src/shared/ui/button.jsx,Yes,Active
src/shared/ui/accordion.tsx,ui/logic,shared,src/features/home/pages/HomePage.jsx; src/features/home/pages/PublicContentPage.jsx,src/shared/lib/utils.js,Yes,Active
src/shared/ui/alert-dialog.tsx,ui/logic,shared,src/features/settings/components/OfficeSettings/LookupManager.jsx,src/shared/lib/utils.js; src/shared/ui/button.jsx,No,Suspicious
src/shared/ui/alert.tsx,ui/logic,shared,,src/shared/lib/utils.js,No,Unused candidate
src/shared/ui/aspect-ratio.tsx,ui/logic,shared,,,No,Unused candidate
src/shared/ui/avatar.tsx,ui/logic,shared,,src/shared/lib/utils.js,No,Unused candidate
src/shared/ui/badge.jsx,ui/logic,shared,src/shared/components/LookupManager/LookupManager.jsx,src/shared/lib/utils.js,Yes,Active
src/shared/ui/breadcrumb.tsx,ui/logic,shared,,src/shared/lib/utils.js,No,Unused candidate
src/shared/ui/button.jsx,ui/logic,shared,src/features/auth/pages/Login.jsx; src/features/auth/pages/Signup.jsx; src/features/finance/pages/CaseFinanceSummaryPage.jsx; src/features/settings/components/OfficeSettings/LookupManager.jsx; src/features/settings/pages/ManagmentSettings.jsx; src/shared/components/Finance/FinanceFilters.jsx; src/shared/components/Finance/TransactionForm.jsx; src/shared/components/LookupManager/LookupManager.jsx; src/shared/components/common/SectionHeader.jsx; src/shared/layout/Header.jsx; src/shared/layout/MobileDrawer.jsx; src/shared/ui/ThemeToggle.jsx; src/shared/ui/alert-dialog.tsx; src/shared/ui/calendar.tsx; src/shared/ui/carousel.tsx; src/shared/ui/language-toggle.jsx; src/shared/ui/pagination.tsx,src/shared/lib/utils.js,Yes,Active
src/shared/ui/calendar.tsx,ui/logic,shared,,src/shared/lib/utils.js; src/shared/ui/button.jsx,No,Unused candidate
src/shared/ui/card.jsx,ui/logic,shared,src/features/settings/components/CaseSettingsPanel.jsx; src/features/settings/pages/ManagmentSettings.jsx; src/shared/components/Finance/FinanceSummaryCards.jsx; src/shared/components/LookupManager/LookupManager.jsx,src/shared/lib/utils.js,Yes,Active
src/shared/ui/carousel.tsx,ui/logic,shared,,src/shared/lib/utils.js; src/shared/ui/button.jsx,No,Unused candidate
src/shared/ui/chart.tsx,ui/logic,shared,,src/shared/lib/utils.js,No,Unused candidate
src/shared/ui/checkbox.jsx,ui/logic,shared,src/features/auth/pages/Login.jsx; src/features/auth/pages/Signup.jsx; src/shared/components/LookupManager/LookupManager.jsx,src/shared/lib/utils.js,Yes,Active
src/shared/ui/collapsible.tsx,ui/logic,shared,,,No,Unused candidate
src/shared/ui/command.tsx,ui/logic,shared,,src/shared/lib/utils.js; src/shared/ui/dialog.tsx,No,Unused candidate
src/shared/ui/context-menu.tsx,ui/logic,shared,,src/shared/lib/utils.js,No,Unused candidate
src/shared/ui/dialog.tsx,ui/logic,shared,src/features/settings/components/OfficeSettings/LookupManager.jsx; src/shared/components/LookupManager/LookupManager.jsx; src/shared/ui/command.tsx,src/shared/lib/utils.js,Yes,Active
src/shared/ui/drawer.tsx,ui/logic,shared,,src/shared/lib/utils.js,No,Unused candidate
src/shared/ui/dropdown-menu.jsx,ui/logic,shared,src/shared/layout/Header.jsx; src/shared/layout/HeaderTabs.jsx,src/shared/lib/utils.js,Yes,Active
src/shared/ui/form.tsx,ui/logic,shared,,src/shared/lib/utils.js; src/shared/ui/label.jsx,No,Unused candidate
src/shared/ui/glass-card.tsx,ui/logic,shared,,src/shared/lib/utils.js,No,Unused candidate
src/shared/ui/hover-card.tsx,ui/logic,shared,,src/shared/lib/utils.js,No,Unused candidate
src/shared/ui/icons/AppIcon.jsx,ui/logic,shared,src/shared/ui/icons/index.js,src/shared/icons/lexicraft/index.tsx,Yes,Active
src/shared/ui/icons/IconBadge.jsx,ui/logic,shared,src/shared/ui/icons/index.js,,Yes,Active
src/shared/ui/icons/IconButton.jsx,ui/logic,shared,src/shared/ui/icons/index.js,,Yes,Active
src/shared/ui/icons/index.js,ui/logic,shared,src/features/reports/components/Reports/ReportPageHeader.jsx; src/features/reports/components/Tabs/ReportsTabs.jsx,src/shared/ui/icons/AppIcon.jsx; src/shared/ui/icons/IconBadge.jsx; src/shared/ui/icons/IconButton.jsx,Yes,Refactor needed
src/shared/ui/input-otp.tsx,ui/logic,shared,,src/shared/lib/utils.js,No,Unused candidate
src/shared/ui/input.jsx,ui/logic,shared,src/features/auth/pages/Login.jsx; src/features/auth/pages/Signup.jsx; src/features/finance/pages/CaseFinanceSummaryPage.jsx; src/features/settings/components/OfficeSettings/LookupManager.jsx; src/shared/components/Finance/FinanceFilters.jsx; src/shared/components/Finance/TransactionForm.jsx; src/shared/components/LookupManager/LookupManager.jsx,src/shared/lib/utils.js,Yes,Active
src/shared/ui/label.jsx,ui/logic,shared,src/features/auth/pages/Login.jsx; src/features/auth/pages/Signup.jsx; src/shared/ui/form.tsx,src/shared/lib/utils.js,Yes,Active
src/shared/ui/language-toggle.jsx,ui/logic,shared,src/features/auth/pages/Login.jsx; src/features/auth/pages/Signup.jsx; src/shared/layout/Header.jsx; src/shared/layout/MobileDrawer.jsx,src/shared/contexts/LanguageContext.jsx; src/shared/lib/utils.js; src/shared/ui/button.jsx,Yes,Active
src/shared/ui/menubar.tsx,ui/logic,shared,,src/shared/lib/utils.js,No,Unused candidate
src/shared/ui/navigation-menu.tsx,ui/logic,shared,,src/shared/lib/utils.js,No,Unused candidate
src/shared/ui/pagination.tsx,ui/logic,shared,,src/shared/lib/utils.js; src/shared/ui/button.jsx,No,Unused candidate
src/shared/ui/popover.tsx,ui/logic,shared,,src/shared/lib/utils.js,No,Unused candidate
src/shared/ui/progress.tsx,ui/logic,shared,,src/shared/lib/utils.js,No,Unused candidate
src/shared/ui/radio-group.tsx,ui/logic,shared,,src/shared/lib/utils.js,No,Unused candidate
src/shared/ui/resizable.tsx,ui/logic,shared,,src/shared/lib/utils.js,No,Unused candidate
src/shared/ui/scroll-area.tsx,ui/logic,shared,,src/shared/lib/utils.js,No,Unused candidate
src/shared/ui/skeleton.tsx,ui/logic,shared,src/features/legal-cases/components/SkeletonLoaders.tsx,src/shared/lib/utils.js,Yes,Active
src/shared/ui/tabs.tsx,ui/logic,shared,src/features/legal-cases/components/LegalCases/LegalCaseDetails.jsx; src/features/settings/components/CaseSettingsPanel.jsx; src/features/settings/pages/ManagmentSettings.jsx,src/shared/lib/utils.js,Yes,Active
src/shared/utils/Info.jsx,ui/logic,shared,,src/shared/utils/Transition.jsx,No,Unused candidate
src/shared/utils/SidebarContext.jsx,ui/logic,shared,,src/shared/contexts/SidebarContext.jsx,No,Duplicate
src/shared/utils/Transition.jsx,ui/logic,shared,src/shared/components/common/DropdownEditMenu.jsx; src/shared/components/common/DropdownProfile.jsx; src/shared/components/common/Tooltip.jsx; src/shared/utils/Info.jsx,,No,Suspicious
src/shared/utils/Utils.js,ui/logic,shared,src/features/dashboard/components/dashboard/charts/BarChart01.jsx; src/features/dashboard/components/dashboard/charts/BarChart03.jsx; src/features/dashboard/components/dashboard/charts/ChartjsConfig.jsx; src/features/dashboard/components/dashboard/charts/DoughnutChart.jsx; src/features/dashboard/components/dashboard/charts/LineChart01.jsx; src/features/dashboard/components/dashboard/charts/LineChart02.jsx; src/features/dashboard/components/dashboard/dashboard/DashboardCard08.jsx; src/features/dashboard/components/dashboard/dashboard/DashboardCard09.jsx,,No,Suspicious
src/shared/utils/buildQueryParams.js,ui/logic,shared,,,No,Unused candidate
src/shared/utils/caseFetchCache.js,ui/logic,shared,src/features/legal-cases/components/LegalCases/LegalCaseDetails.jsx,,Yes,Active
src/shared/utils/dateFilters.js,ui/logic,shared,src/shared/components/filters/DateInput.jsx; src/shared/components/filters/DateRange.jsx,,No,Suspicious
src/shared/utils/sidebarUtils.jsx,ui/logic,shared,,,No,Unused candidate
src/shared/utils/themeColors.ts,ui/logic,shared,src/features/dashboard/components/dashboard/charts/BarChart02.jsx; src/features/dashboard/components/dashboard/charts/ChartjsConfig.jsx; src/features/dashboard/components/dashboard/charts/DoughnutChart.jsx; src/features/dashboard/components/dashboard/dashboard/DashboardCard01.jsx; src/features/dashboard/components/dashboard/dashboard/DashboardCard02.jsx; src/features/dashboard/components/dashboard/dashboard/DashboardCard03.jsx; src/features/dashboard/components/dashboard/dashboard/DashboardCard04.jsx; src/features/dashboard/components/dashboard/dashboard/DashboardCard05.jsx; src/features/dashboard/components/dashboard/dashboard/DashboardCard06.jsx; src/features/dashboard/components/dashboard/dashboard/DashboardCard07.jsx; src/features/dashboard/components/dashboard/dashboard/DashboardCard11.jsx,,No,Suspicious
src/styles/dashboard-shell.css,style,styles,src/styles/index.css,,Yes,Active
src/styles/index.css,style,styles,src/main.tsx,src/shared/styles/theme.css; src/shared/styles/tokens.css; src/styles/dashboard-shell.css; src/styles/radix-vars.css; src/styles/theme-tokens.css,Yes,Active
src/styles/radix-vars.css,style,styles,src/styles/index.css,,Yes,Active
src/styles/theme-tokens.css,style,styles,src/styles/index.css,,Yes,Active
src/types/jsx-global.d.ts,types,types,,,No,Unused candidate
src/types/react-jsx-runtime.d.ts,types,types,,,No,Unused candidate
src/types/react-shim.d.ts,types,types,,,No,Unused candidate
src/types/react-stub.d.ts,types,types,,,No,Unused candidate
src/types/stubs/radix-react-slot.d.ts,types,types,,,No,Refactor needed
src/types/stubs/react-redux.d.ts,types,types,,,No,Refactor needed
src/types/stubs/react-router-dom.d.ts,types,types,,,No,Refactor needed
src/types/stubs/react-spring-web.d.ts,types,types,,,No,Refactor needed
src/types/stubs/recharts.d.ts,types,types,,,No,Refactor needed
src/types/vendor-stubs.d.ts,types,types,,,No,Unused candidate
src/vite-env.d.ts,types,vite-env.d.ts,,,No,Unused candidate
tsconfig.json,config,root-config,,,No,Unused candidate
vite.config.js,config,root-config,,,No,Unused candidate
